time(min),STALL WARNING
0,0
0.026937783333333333,0
0.028596049999999998,0
0.030270583333333333,0
0.03193095,0
0.033672516666666666,0
0.0352627,0
0.03694433333333333,0
0.03860391666666667,0
0.04027775,0
0.04196308333333333,0
0.04360695,0
0.04543196666666667,0
0.046940216666666666,0
0.04908696666666666,0
0.050577833333333336,0
0.05193675,0
0.053609033333333334,0
0.05527055,0
0.05694193333333333,0
0.05863271666666667,0
0.061310833333333335,0
0.06193161666666667,0
0.06464233333333333,0
0.06526685,0
0.06799826666666667,0
0.06859478333333333,0
0.07131628333333333,0
0.07192851666666666,0
0.07463901666666667,0
0.07529445000000001,0
0.07797738333333333,0
0.07859903333333333,0
0.08130905,0
0.08357685,0
0.08525186666666666,0
0.08691898333333334,0
0.08860325,0
0.09027381666666667,0
0.09194208333333333,0
0.09360993333333333,0
0.0952673,0
0.09694343333333333,0
0.09860048333333334,0
0.10040961666666667,0
0.10193234999999999,0
0.10360486666666667,0
0.10526616666666667,0
0.10693785,0
0.10863258333333334,0
0.11027511666666666,0
0.11193678333333335,0
0.11360786666666667,0
0.11526918333333333,0
0.11753186666666667,0
0.11860278333333334,0
0.12027463333333334,0
0.12215733333333333,0
0.12459041666666668,0
0.12586861666666668,0
0.12797506666666666,0
0.12946496666666668,0
0.13130803333333332,0
0.1331317,0
0.13510256666666667,0
0.13526821666666666,0
0.13844581666666667,0
0.13860226666666667,0
0.14191589999999998,0
0.14358564999999998,0
0.14526291666666666,0
0.1469266,0
0.1486033,0
0.1502728,0
0.15193263333333334,0
0.1536119833333333,0
0.15526210000000001,0
0.1569418,0
0.158637,0
0.16027746666666665,0
0.16214858333333335,0
0.16360688333333334,0
0.1652615166666667,0
0.1672712,0
0.16862000000000002,0
0.17030236666666668,0
0.17195078333333333,0
0.17365341666666667,0
0.17529470000000003,0
0.17696145,0
0.1786162,0
0.18029014999999998,0
0.1820204,0
0.1843126,0
0.18538648333333335,0
0.18797283333333334,0
0.18958621666666667,0
0.1913126,0
0.19196321666666666,0
0.19463628333333333,0
0.19528014999999999,0
0.1979763,0
0.1986192833333333,0
0.20137231666666666,0
0.20194938333333332,0
0.20464605000000002,0
0.20551531666666667,0
0.20797685000000002,0
0.20918538333333334,0
0.2113131,0
0.21358586666666668,0
0.21528061666666665,0
0.21693615,0
0.21862906666666668,0
0.2202973666666667,0
0.2219615,0
0.22364151666666668,0
0.22530553333333334,0
0.22697595,0
0.2286365333333333,0
0.23030668333333332,0
0.23196553333333333,0
0.2337777,0
0.23531336666666666,0
0.23698588333333334,0
0.23864493333333334,0
0.24032515,0
0.24218801666666667,0
0.24365908333333333,0
0.24592158333333333,0
0.24699001666666667,0
0.24919838333333333,0
0.25097661666666665,0
0.2528726333333333,0
0.25464691666666667,0
0.25621493333333334,0
0.25797713333333333,0
0.2586749333333333,0
0.26131088333333335,0
0.2619964166666667,0
0.2646412166666667,0
0.26532764999999997,0
0.2680774166666667,0
0.2686662,0
0.27160718333333334,0
0.2720220666666667,0
0.2746394166666667,0
0.2757388333333334,0
0.27858293333333334,0
0.28024968333333333,0
0.28200194999999995,0
0.2836221666666667,0
0.28532855,0
0.28700879999999995,0
0.2886664166666667,0
0.29034008333333333,0
0.2920066333333334,0
0.2936734833333333,0
0.2953293833333333,0
0.29700508333333336,0
0.29866976666666667,0
0.30054488333333335,0
0.3019979,0
0.30367143333333335,0
0.30532936666666666,0
0.3072327166666667,0
0.30866940000000004,0
0.3103435666666667,0
0.3120022833333333,0
0.3136754666666666,0
0.3153343333333333,0
0.31763995,0
0.31866175,0
0.32131071666666666,0
0.3220016166666667,0
0.32464214999999996,0
0.3255843166666667,0
0.32797645,0
0.3292483166666667,0
0.3313065333333333,0
0.3329192333333333,0
0.33470291666666663,0
0.3365734166666666,0
0.33827473333333336,0
0.339936,0
0.34130794999999997,0
0.3426968166666667,0
0.34464228333333335,0
0.3469152833333334,0
0.34866308333333335,0
0.35029261666666667,0
0.35200063333333337,0
0.3536708,0
0.35533024999999996,0
0.35700503333333333,0
0.35867275000000004,0
0.3603362,0
0.3619951166666666,0
0.3636744666666667,0
0.36533086666666664,0
0.36721655,0
0.36866798333333334,0
0.37034221666666667,0
0.37199795,0
0.3736745,0
0.37534181666666666,0
0.3771804166666667,0
0.3786638166666667,0
0.3808954666666666,0
0.3820034333333333,0
0.3842825,0
0.38533321666666664,0
0.38792926666666666,0
0.3886616333333333,0
0.39130915,0
0.3921246,0
0.3946402,0
0.39584871666666666,0
0.39802333333333334,0
0.39956308333333335,0
0.40138015,0
0.4019962833333333,0
0.40524541666666664,0
0.40692025,0
0.4085897333333333,0
0.4102542666666667,0
0.41192023333333333,0
0.4135931,0
0.4152492666666666,0
0.41693368333333336,0
0.41866553333333334,0
0.42033603333333336,0
0.42199486666666663,0
0.4236695333333333,0
0.4253383,0
0.4270213,0
0.4286701,0
0.4303402333333333,0
0.43199906666666665,0
0.4342923166666667,0
0.43532845,0
0.43791576666666665,0
0.4386672833333333,0
0.44129588333333336,0
0.44200928333333334,0
0.44463035,0
0.44534253333333335,0
0.4479658,0
0.44898626666666663,0
0.451314,0
0.45233561666666666,0
0.45463811666666665,0
0.4560026833333333,0
0.4579684666666667,0
0.45966514999999997,0
0.4613057666666667,0
0.46296133333333334,0
0.46464515,0
0.46533266666666667,0
0.46810526666666663,0
0.46866355,0
0.47191258333333336,0
0.47358469999999997,0
0.47525255,0
0.47691528333333333,0
0.47857934999999996,0
0.4802602666666667,0
0.4819996833333333,0
0.4836417,0
0.48533078333333335,0
0.4870123333333334,0
0.4886769166666667,0
0.49034120000000003,0
0.49201548333333334,0
0.49369641666666664,0
0.49533275,0
0.49701083333333335,0
0.4986617666666666,0
0.5009409666666667,0
0.5019993833333334,0
0.5046435666666667,0
0.505332,0
0.5079734,0
0.5086732333333334,0
0.5113094499999999,0
0.51199855,0
0.51463755,0
0.5153372333333334,0
0.5180923666666667,0
0.5202499166666666,0
0.5219187333333334,0
0.5235878333333334,0
0.5252558333333333,0
0.5269223833333333,0
0.5286693666666666,0
0.5303398833333334,0
0.5319984833333333,0
0.5336612333333333,0
0.5353366333333334,0
0.5370025666666667,0
0.5386681833333333,0
0.5403432333333333,0
0.5420092333333333,0
0.5436769833333334,0
0.5453339333333334,0
0.5470531666666667,0
0.5487603833333333,0
0.55049755,0
0.5520007666666668,0
0.5536715333333334,0
0.5553323333333333,0
0.5570027,0
0.5586733833333333,0
0.5603382,0
0.5619966000000001,0
0.5636717333333333,0
0.56532795,0
0.5675944666666667,0
0.56873205,0
0.5713098666666666,0
0.5723986833333333,0
0.5746401666666667,0
0.5760692000000001,0
0.57797585,0
0.5797316333333333,0
0.58191475,0
0.5835839666666667,0
0.5852532333333333,0
0.5869213833333334,0
0.58866705,0
0.5903343833333333,0
0.592004,0
0.5936721833333333,0
0.5953311833333333,0
0.5970028666666667,0
0.5986614,0
0.6003421,0
0.6019990666666667,0
0.6036692166666666,0
0.6053306333333334,0
0.6070112333333333,0
0.60875435,0
0.6103384,0
0.6124037166666666,0
0.6136745333333333,0
0.6158985833333334,0
0.61758775,0
0.6186693666666666,0
0.6203434,0
0.6219985166666667,0
0.6246357333333333,0
0.6253421166666667,0
0.6279696333333333,0
0.6286645833333333,0
0.6313105166666667,0
0.6319950666666666,0
0.6347495166666667,0
0.6353331166666667,0
0.6383299,0
0.64025135,0
0.6419189166666667,0
0.6435893,0
0.64532875,0
0.6470026999999999,0
0.6486615,0
0.6503038999999999,0
0.6519949166666666,0
0.65366955,0
0.6553348999999999,0
0.6570115333333334,0
0.6586723000000001,0
0.6606960833333333,0
0.66200105,0
0.6643977333333334,0
0.6653324,0
0.6675999,0
0.6686704,0
0.6713099833333334,0
0.6719995333333334,0
0.6746421,0
0.6755913333333334,0
0.67797465,0
0.6792971833333333,0
0.68130405,0
0.6830153833333333,0
0.6847020666666668,0
0.6853340666666667,0
0.6882796,0
0.6886635166666667,0
0.6913028666666666,0
0.6935817833333333,0
0.6953348500000001,0
0.6970051500000001,0
0.6986642666666667,0
0.7004310666666667,0
0.7020042,0
0.7036782166666666,0
0.7054136333333333,0
0.7070082166666667,0
0.7086773500000001,0
0.7103451833333334,0
0.7120001,0
0.7138198666666667,0
0.7153291833333333,0
0.7172131,0
0.7186690833333332,0
0.7203395666666668,0
0.7219982833333333,0
0.7240641333333333,0
0.7253417833333333,0
0.7278142666666667,0
0.7286642333333333,0
0.7303445166666667,0
0.7320035833333333,0
0.7342730833333334,0
0.7355024166666666,0
0.7379190499999999,0
0.7391696666666667,0
0.74130465,0
0.7428316333333334,0
0.7446411666666667,0
0.7453355333333332,0
0.7479696833333332,0
0.7486643833333333,0
0.7513761166666667,0
0.7520030166666666,0
0.7546372833333334,0
0.75533275,0
0.7579770666666668,0
0.7586733666666667,0
0.7613990666666667,0
0.76199785,0
0.7651261500000001,0
0.7653366333333332,0
0.7680608,0
0.7702531333333333,0
0.7720019666666667,0
0.7736692166666667,0
0.7753363166666666,0
0.7770028833333333,0
0.7786681833333333,0
0.7803426333333333,0
0.7819974666666666,0
0.7838152166666666,0
0.7853280166666666,0
0.787012,0
0.7886670166666667,0
0.7903420166666667,0
0.7920080166666666,0
0.7938665166666667,0
0.79533305,0
0.79700285,0
0.7986822333333333,0
0.8005635333333333,0
0.80241175,0
0.8036731666666667,0
0.8061142833333333,0
0.8079209,0
0.8086732499999999,0
0.8113020166666667,0
0.8119980666666666,0
0.8146339,0
0.8155486166666667,0
0.8180148500000001,0
0.8192407166666666,0
0.821303,0
0.8228816833333333,0
0.82473505,0
0.8265523166666667,0
0.8284947,0
0.8286713,0
0.8319161833333333,0
0.8335875833333333,0
0.8352545666666666,0
0.83692135,0
0.83866805,0
0.8403354833333333,0
0.84200515,0
0.8436729666666666,0
0.8453333666666667,0
0.8471329666666667,0
0.8486709333333333,0
0.8503131166666666,0
0.85199845,0
0.8536704833333333,0
0.8553358666666667,0
0.8570098833333334,0
0.8586803333333334,0
0.8603446666666666,0
0.8619989,0
0.86367355,0
0.8653289666666666,0
0.8675623,0
0.8686657000000001,0
0.8704004166666667,0
0.8719974166666666,0
0.8745512333333333,0
0.8753417,0
0.8779157666666667,0
0.8786701833333334,0
0.8813028333333333,0
0.8821017166666667,0
0.88464805,0
0.8855224666666667,0
0.8879801166666667,0
0.8896837833333333,0
0.8913003166666666,0
0.8920150166666666,0
0.8946345499999999,0
0.8953338,0
0.8979747333333333,0
0.8996007666666667,0
0.9015930166666667,0
0.9032624166666667,0
0.90492685,0
0.9065971666666667,0
0.90826745,0
0.9099346,0
0.9116012499999999,0
0.9134559666666666,0
0.91521825,0
0.9167354166666667,0
0.9185513000000001,0
0.9202346333333333,0
0.9217680333333333,0
0.9235678166666668,0
0.9252386666666667,0
0.9267330500000001,0
0.9285932333333333,0
0.9302564166666667,0
0.9319261166666667,0
0.9335969666666667,0
0.9352639333333334,0
0.9369339666666667,0
0.9386030333333334,0
0.9402851499999999,0
0.9419668666666667,0
0.9436359666666667,0
0.9453030333333333,0
0.9470033,0
0.9486725666666667,0
0.9503333666666667,0
0.9521554166666666,0
0.9536891666666666,0
0.9553542166666666,0
0.9570915166666667,0
0.9588220666666667,0
0.9603596833333333,0
0.9621690333333334,0
0.9638179499999999,0
0.9655623833333333,0
0.9672504833333334,0
0.9689170166666666,0
0.9706004833333334,0
0.97226705,0
0.9739346333333334,0
0.9756000333333333,0
0.9772670333333333,0
0.9789336833333333,0
0.98061715,0
0.9822836666666667,0
0.9839505,0
0.9856168666666667,0
0.9872836666666666,0
0.9889504,0
0.9904370333333333,0
0.9923005166666667,0
0.9939671666666666,0
0.9956337,0
0.9973003833333334,0
0.9989700166666666,0
1.0004474166666666,0
1.0023170166666666,0
1.0039698166666666,0
1.00566715,0
1.00733375,0
1.0090004166666666,0
1.0106837833333333,0
1.0123503333333332,0
1.0140169333333333,0
1.0156836666666667,0
1.0173503666666666,0
1.01901685,0
1.0207003333333333,0
1.0223672,0
1.0240338666666666,0
1.0257003333333332,0
1.0273670166666666,0
1.0290338166666666,0
1.03071705,0
1.0323836666666666,0
1.0340504166666666,0
1.0357170166666667,0
1.0373837,0
1.0390503333333332,0
1.0407336999999999,0
1.0424004833333333,0
1.04406715,0
1.0457338166666668,0
1.0474003333333333,0
1.049067,0
1.0505834666666667,0
1.0524169666666665,0
1.0540836333333332,0
1.055767,0
1.0574338333333333,0
1.0591004166666667,0
1.0607836666666666,0
1.0624504,0
1.064117,0
1.0657836666666667,0
1.0674503666666666,0
1.0691170833333334,0
1.0708003333333334,0
1.07246705,0
1.0741346,0
1.0758004166666666,0
1.077467,0
1.0791338166666666,0
1.0808171500000001,0
1.0824837166666668,0
1.0841512666666666,0
1.0858171333333333,0
1.0874837666666666,0
1.0891504166666668,0
1.0908336666666667,0
1.0925004833333332,0
1.0941670000000001,0
1.0958337166666667,0
1.0975004833333333,0
1.09916715,0
1.10085045,0
1.1025170833333333,0
1.1041846,0
1.1055564666666668,0
1.1075335666666666,0
1.1092002333333333,0
1.1108836666666668,0
1.1125502666666667,0
1.1142169333333334,0
1.1158835166666667,0
1.1175502,0
1.1192170000000001,0
1.1205984500000001,0
1.1225669500000002,0
1.1242335166666666,0
1.1259002666666666,0
1.12756695,0
1.1292343666666667,0
1.13091685,0
1.1325836333333332,0
1.1342503333333334,0
1.135917,0
1.1375836833333333,0
1.13925025,0
1.1409334999999998,0
1.1426002666666668,0
1.1442669500000002,0
1.1459335833333333,0
1.1476003333333333,0
1.149267,0
1.1509394666666668,0
1.1526070499999999,0
1.1539805666666667,0
1.1556600166666666,0
1.15763365,0
1.1593001833333334,0
1.1609835166666667,0
1.1626503333333333,0
1.16431685,0
1.1660001666666666,0
1.1676669666666666,0
1.1693128,0
1.1710032833333333,0
1.1726835833333333,0
1.1743503333333334,0
1.17601685,0
1.1776835333333333,0
1.1793502,0
1.1810335333333333,0
1.1827001833333333,0
1.18436695,0
1.1859522333333334,0
1.1876389833333334,0
1.1893835333333334,0
1.19105025,0
1.19271695,0
1.1943836666666667,0
1.19606695,0
1.1977336666666667,0
1.1994002666666668,0
1.2010835333333334,0
1.2027502166666668,0
1.2044177833333332,0
1.2057897,0
1.207767,0
1.2094335333333335,0
1.2111003333333334,0
1.2127669333333333,0
1.2144335833333333,0
1.2161149166666667,0
1.2177853,0
1.2194500333333331,0
1.2211232,0
1.2227896999999999,0
1.2245815999999998,0
1.2261229666666666,0
1.2279719,0
1.2294592333333334,0
1.2314337666666666,0
1.2331003333333335,0
1.23476715,0
1.2364339,0
1.2381005166666668,0
1.2397670166666666,0
1.24143375,0
1.2431004666666667,0
1.2447670833333333,0
1.2464480833333333,0
1.2481153,0
1.2497859666666666,0
1.2514560666666668,0
1.2531239666666665,0
1.2549541666666666,0
1.25674885,0
1.2584336333333332,0
1.2601001833333334,0
1.2617668666666666,0
1.2634336666666668,0
1.2651003333333335,0
1.26676685,0
1.2684336166666668,0
1.2701011333333334,0
1.2717818666666667,0
1.2734521166666666,0
1.2751188333333334,0
1.2767858833333334,0
1.2784561833333332,0
1.2803495666666667,0
1.2820339166666668,0
1.2837023333333333,0
1.2853664666666667,0
1.28703685,0
1.2887068833333333,0
1.2903925166666668,0
1.2921168666666667,0
1.2937836666666667,0
1.2954501833333334,0
1.297117,0
1.29880025,0
1.3004669,0
1.3021334999999998,0
1.3038003,0
1.3054670000000002,0
1.3071335166666667,0
1.3087260833333334,0
1.3104835166666666,0
1.3121502999999999,0
1.313817,0
1.3154836666666667,0
1.3171503333333334,0
1.3187703833333333,0
1.32050025,0
1.32216685,0
1.3238336333333334,0
1.3255000333333333,0
1.3271671,0
1.3288288333333333,0
1.3303746833333334,0
1.3321836333333332,0
1.3338507833333335,0
1.3355169,0
1.3371835166666666,0
1.3388671333333335,0
1.3405338166666665,0
1.3422004833333332,0
1.3438671333333334,0
1.3455338166666666,0
1.3472004666666668,0
1.34888375,0
1.3505504666666668,0
1.3522170166666665,0
1.3538837166666666,0
1.3555503333333334,0
1.3572171,0
1.3589004166666665,0
1.3605670666666667,0
1.3622337833333333,0
1.36390035,0
1.365567,0
1.3672338000000002,0
1.3686809500000001,0
1.3705838166666666,0
1.3722505,0
1.373917,0
1.3755833666666666,0
1.3772504666666667,0
1.3787095,0
1.3806003833333333,0
1.3822671499999999,0
1.3839338166666666,0
1.3856005,0
1.3872670833333332,0
1.3889504666666668,0
1.3906170666666668,0
1.3922836666666667,0
1.39395045,0
1.395617,0
1.3972838166666666,0
1.398967,0
1.4006337833333333,0
1.40230025,0
1.4039838,0
1.4056504833333332,0
1.4073167,0
1.4089838666666668,0
1.4106505,0
1.412317,0
1.4139837,0
1.41565045,0
1.41731715,0
1.4188155666666666,0
1.4206838166666667,0
1.4223503333333334,0
1.424017,0
1.4256837666666666,0
1.42735045,0
1.4290171833333334,0
1.4306836666666667,0
1.4323504833333331,0
1.4340362833333333,0
1.4357058,0
1.4373287666666665,0
1.4390503333333333,0
1.4407171833333334,0
1.4423836166666668,0
1.4440504166666666,0
1.44571715,0
1.4473846333333333,0
1.4490504833333333,0
1.4507171666666667,0
1.4523952666666666,0
1.45406495,0
1.4557177666666667,0
1.4574025666666666,0
1.4590671166666667,0
1.4607338166666666,0
1.4624004833333333,0
1.4640671,0
1.4657338166666667,0
1.4674125666666666,0
1.4687963000000002,0
1.4704388333333334,0
1.4724177333333333,0
1.4740836666666668,0
1.4757504833333333,0
1.47741715,0
1.4789753499999998,0
1.4807268333333334,0
1.4824336833333331,0
1.4841004333333332,0
1.4857671166666666,0
1.4874336666666668,0
1.48911715,0
1.4907838166666665,0
1.4924513166666666,0
1.4941171333333334,0
1.4957837666666667,0
1.4974505,0
1.4991338833333332,0
1.5008004666666668,0
1.50246715,0
1.5041338333333334,0
1.5058004833333332,0
1.5074671499999999,0
1.5091504666666669,0
1.5108171166666666,0
1.51248465,0
1.5141504833333332,0
1.5158171166666667,0
1.5174837666666667,0
1.5190390333333335,0
1.5208337666666667,0
1.5225012833333333,0
1.5241670833333332,0
1.5258338333333332,0
1.5272937833333333,0
1.5288806166666666,0
1.53085045,0
1.5325180166666668,0
1.53418385,0
1.5358504333333334,0
1.5375171666666667,0
1.53920035,0
1.5408669833333333,0
1.5425345166666666,0
1.5442003499999999,0
1.5458669833333334,0
1.5475336666666668,0
1.5492169500000001,0
1.5508836833333333,0
1.5525501666666666,0
1.5542169833333332,0
1.55588365,0
1.5575503333333334,0
1.5592335166666667,0
1.5606526,0
1.5625677833333333,0
1.5642336666666667,0
1.5659002,0
1.5675670000000002,0
1.56898165,0
1.57091685,0
1.5725836833333333,0
1.5742503833333334,0
1.575917,0
1.5775837166666666,0
1.5789557166666666,0
1.5809336666666667,0
1.5826011666666668,0
1.5842670166666666,0
1.5859337166666667,0
1.5876003166666666,0
1.58928365,0
1.5909503166666668,0
1.5926179333333335,0
1.5942836833333331,0
1.5959503333333334,0
1.5973057333333334,0
1.5993003333333333,0
1.600967,0
1.60259355,0
1.60431695,0
1.6059837166666666,0
1.6076502833333335,0
1.6093169833333334,0
1.61098365,0
1.6126512333333332,0
1.6143170833333333,0
1.6159835333333334,0
1.6176505166666668,0
1.61929,0
1.6210003499999999,0
1.6226678666666667,0
1.6243504166666665,0
1.6260169333333334,0
1.62768365,0
1.62936695,0
1.6307233666666667,0
1.6327003166666667,0
1.6343669333333335,0
1.6360337833333334,0
1.6377148833333333,0
1.6393836333333334,0
1.64105035,0
1.6427170500000001,0
1.64440035,0
1.6460671,0
1.6477345166666666,0
1.6494004166666665,0
1.6510670666666667,0
1.6527337666666666,0
1.6544004,0
1.6560670666666668,0
1.6577336833333332,0
1.6594003166666667,0
1.6610859333333334,0
1.6627560833333335,0
1.6645799666666665,0
1.6660898666666668,0
1.6679707333333333,0
1.6694613833333334,0
1.6713069166666665,0
1.6727564833333333,0
1.6747336833333333,0
1.6764004833333332,0
1.67806715,0
1.6797336833333332,0
1.6814004666666669,0
1.6830671499999998,0
1.6847338,0
1.6864186333333333,0
1.6880860333333332,0
1.6897562833333333,0
1.6914226333333333,0
1.6934003333333334,0
1.6950669333333335,0
1.6967335166666666,0
1.6984003333333335,0
1.7000669833333333,0
1.7017482666666666,0
1.7034184833333332,0
1.7050859166666668,0
1.7067562,0
1.7086178166666668,0
1.71025845,0
1.7119725666666668,0
1.7136407166666667,0
1.7153068,0
1.7170363833333333,0
1.71869545,0
1.7204168333333332,0
1.72208355,0
1.7237502833333334,0
1.72541685,0
1.7270836333333333,0
1.7287503166666667,0
1.7304170166666666,0
1.7320836666666668,0
1.7337503333333335,0
1.7354169,0
1.7370835166666667,0
1.7387722166666666,0
1.7404392333333334,0
1.7421064166666667,0
1.7438274,0
1.7454404333333335,0
1.7471136833333332,0
1.7490687166666667,0
1.7507504833333332,0
1.7524173166666668,0
1.7541004833333333,0
1.7557672833333333,0
1.7574339666666667,0
1.7591004833333332,0
1.7607671666666667,0
1.7624338833333333,0
1.7641004666666669,0
1.7657671499999998,0
1.76743385,0
1.7691002,0
1.7707744166666666,0
1.77243385,0
1.7741003666666666,0
1.7757858333333332,0
1.7774561500000001,0
1.7791232166666666,0
1.7807899333333332,0
1.7824567,0
1.78412365,0
1.7857900666666666,0
1.7877670166666666,0
1.7894336833333333,0
1.7911011166666666,0
1.7927701166666665,0
1.7944336166666668,0
1.7961003166666667,0
1.7977670000000001,0
1.7994502,0
1.801117,0
1.8027833666666666,0
1.8044502833333333,0
1.806117,0
1.8077836166666668,0
1.8094669833333334,0
1.81113455,0
1.8128003,0
1.8144669833333333,0
1.81613365,0
1.8178034166666668,0
1.8192310666666667,0
1.8210788,0
1.82282015,0
1.8245003333333334,0
1.8261670166666666,0
1.8278336666666668,0
1.8295169833333333,0
1.8311836833333333,0
1.8328503333333335,0
1.8345169833333332,0
1.8361835333333334,0
1.8378511166666667,0
1.83953365,0
1.8412003333333333,0
1.8428669833333333,0
1.8445336666666667,0
1.8462011,0
1.8478670000000001,0
1.8495503166666667,0
1.8512170333333333,0
1.85288365,0
1.8545503333333333,0
1.85621695,0
1.8575728333333332,0
1.859567,0
1.8612336666666667,0
1.86290095,0
1.864567,0
1.8662336333333334,0
1.8679077833333333,0
1.8692729666666665,0
1.8712494166666667,0
1.8729336666666667,0
1.8746005,0
1.8762669833333334,0
1.8779343666666668,0
1.8796170333333333,0
1.88128375,0
1.8829503833333334,0
1.88461785,0
1.88598985,0
1.88796065,0
1.8896337666666667,0
1.89130115,0
1.8929670666666667,0
1.8946334166666667,0
1.8963003333333335,0
1.8979686166666667,0
1.8995717499999998,0
1.9013170166666666,0
1.9029845,0
1.9046503333333333,0
1.90631705,0
1.90798365,0
1.9096670333333332,0
1.9113337166666666,0
1.9130003666666666,0
1.9146671499999999,0
1.9163375666666667,0
1.9180003166666666,0
1.9196730000000002,0
1.9213556333333335,0
1.9228618499999999,0
1.9246414666666667,0
1.9263556833333333,0
1.9280339499999999,0
1.9297171499999999,0
1.9313838166666666,0
1.9330505,0
1.9347170999999999,0
1.93638545,0
1.9380505833333335,0
1.9397337333333333,0
1.9414006333333333,0
1.9430671499999999,0
1.9447338166666666,0
1.9464013666666666,0
1.94806715,0
1.9496944,0
1.95139905,0
1.9530838166666666,0
1.9547506333333333,0
1.9564171499999998,0
1.9580839,0
1.9597563666666666,0
1.9614230333333333,0
1.9631004833333332,0
1.9647667,0
1.9664333666666665,0
1.9681004500000001,0
1.9697637833333335,0
1.9714400166666666,0
1.9731338166666665,0
1.9748004833333332,0
1.9764671833333334,0
1.97813395,0
1.9797568333333333,0
1.9814838166666666,0
1.9831504833333333,0
1.9847993166666666,0
1.9864609500000001,0
1.98816715,0
1.98985045,0
1.9915179666666665,0
1.9931838666666668,0
1.9948504833333331,0
1.9965181333333335,0
1.9981839666666668,0
1.9998673,0
2.001535083333333,0
2.0032172,0
2.0048839166666665,0
2.0065500333333333,0
2.0082173,0
2.0099006333333334,0
2.011568,0
2.0132338333333335,0
2.0149004833333333,0
2.0165672833333335,0
2.0182338166666667,0
2.01991715,0
2.0215838166666664,0
2.0232505,0
2.0249339,0
2.0266006333333335,0
2.0282672166666664,0
2.0299339499999998,0
2.0316005333333336,0
2.0332821500000002,0
2.0349524166666666,0
2.0366228166666667,0
2.038289983333333,0
2.03995655,0
2.041622916666667,0
2.0436004166666666,0
2.0452670166666667,0
2.0469338,0
2.0486004166666665,0
2.0502671333333335,0
2.0519338,0
2.0536004166666664,0
2.0552671499999997,0
2.056948783333333,0
2.05861905,0
2.0602858833333335,0
2.061952766666667,0
2.0636231499999997,0
2.0653042833333335,0
2.066974816666667,0
2.06864125,0
2.07036975,0
2.0720356,0
2.07370945,0
2.0753713,0
2.0770492333333332,0
2.0787171333333334,0
2.0804755999999998,0
2.0820607666666664,0
2.08393395,0
2.085601416666667,0
2.087271633333333,0
2.0889338166666667,0
2.0906155166666665,0
2.092283666666667,0
2.0939505166666668,0
2.09561715,0
2.097288266666667,0
2.09895055,0
2.1006171499999997,0
2.1020383833333334,0
2.1039839666666666,0
2.1056507,0
2.1073161833333334,0
2.1089838833333334,0
2.1106504999999998,0
2.1123336666666668,0
2.1140005333333334,0
2.1156671333333334,0
2.1173382666666667,0
2.1190013,0
2.1206838500000003,0
2.1223504833333333,0
2.1240172,0
2.125683883333333,0
2.1273549166666665,0
2.129017166666667,0
2.1306840166666667,0
2.1323667,0
2.134033966666667,0
2.1357003666666667,0
2.1373737,0
2.1390671333333335,0
2.1407339166666666,0
2.142400466666667,0
2.1440672833333334,0
2.1457338166666666,0
2.1474015,0
2.149082233333333,0
2.1507527,0
2.1524167,0
2.1540865833333336,0
2.1557565666666667,0
2.1574215333333333,0
2.1590838833333335,0
2.1607654833333334,0
2.162433816666667,0
2.1641004833333333,0
2.1657671333333335,0
2.16743825,0
2.1691005833333334,0
2.1707673,0
2.1724504833333333,0
2.1741173,0
2.1757839666666667,0
2.1774549,0
2.179117316666667,0
2.180798616666667,0
2.1821399833333333,0
2.184133966666667,0
2.1858011333333334,0
2.1874716,0
2.1891339666666667,0
2.190815283333333,0
2.1923025666666667,0
2.1941506499999996,0
2.1958172833333336,0
2.1974884,0
2.1991505166666663,0
2.2008319333333333,0
2.2021733500000003,0
2.20418395,0
2.2058505833333335,0
2.20721065,0
2.209183933333333,0
2.2108505333333333,0
2.2125337833333334,0
2.2142003166666666,0
2.215867966666667,0
2.2175381499999998,0
2.2192045499999997,0
2.2208671000000004,0
2.2225504166666665,0
2.224217,0
2.2258837333333332,0
2.2275547833333333,0
2.229217,0
2.2308833666666668,0
2.2322401833333334,0
2.2342338666666666,0
2.235901166666667,0
2.2375715833333336,0
2.2392336666666663,0
2.240900383333333,0
2.2422565166666666,0
2.24425045,0
2.2459171166666665,0
2.24758825,0
2.24925035,0
2.2509179333333336,0
2.252585333333333,0
2.25426715,0
2.255933766666667,0
2.2572899833333335,0
2.2592836666666667,0
2.2609504833333336,0
2.2626336166666667,0
2.2643004666666666,0
2.2659679833333333,0
2.2676381333333335,0
2.2692379833333334,0
2.2709836666666665,0
2.272650333333333,0
2.2743171666666666,0
2.27598375,0
2.2773394833333334,0
2.2793171666666665,0
2.2809838166666667,0
2.2823397500000002,0
2.28433375,0
2.2859207833333333,0
2.287700333333333,0
2.2893671500000004,0
2.29103465,0
2.2927004833333333,0
2.2943671666666665,0
2.2960338,0
2.297715016666667,0
2.29938215,0
2.3010489833333336,0
2.30271535,0
2.304386366666667,0
2.3060567666666665,0
2.3077215666666664,0
2.3093838,0
2.3110505999999997,0
2.3127336666666665,0
2.3144005,0
2.3160671500000003,0
2.31773825,0
2.3194033666666667,0
2.32106715,0
2.3227501999999998,0
2.3244171666666666,0
2.326083816666667,0
2.3277547666666667,0
2.3294171500000003,0
2.3310988166666666,0
2.332766966666667,0
2.334433816666667,0
2.3361004166666666,0
2.33777145,0
2.3394337999999997,0
2.3411193833333335,0
2.3427844500000004,0
2.3444504,0
2.3461171166666666,0
2.3477882666666665,0
2.3494504666666667,0
2.3511320500000004,0
2.3528009333333335,0
2.3544671333333334,0
2.35613385,0
2.3578004666666663,0
2.35946715,0
2.361133833333333,0
2.362818933333333,0
2.3644894499999998,0
2.366156533333333,0
2.3679117499999998,0
2.3694884833333334,0
2.3712503333333332,0
2.3729910666666667,0
2.3746313166666666,0
2.3764673333333333,0
2.3781339666666668,0
2.379800616666667,0
2.3814674499999997,0
2.3831339666666667,0
2.3848047333333335,0
2.3864673666666665,0
2.3881339500000003,0
2.389815233333333,0
2.3914857333333335,0
2.3931528833333333,0
2.3948203333333336,0
2.3964899166666664,0
2.3981562166666666,0
2.39982875,0
2.40156555,0
2.4031562,0
2.4050625833333332,0
2.40649635,0
2.4084671,0
2.4101337833333334,0
2.4118170833333332,0
2.4134838,0
2.4151504666666663,0
2.4168171333333333,0
2.4184837166666666,0
2.4201504666666667,0
2.42183375,0
2.4235005999999997,0
2.4251671000000004,0
2.4268338,0
2.4285004166666666,0
2.4301670499999997,0
2.4318504333333335,0
2.4335170666666666,0
2.435183766666667,0
2.43685045,0
2.438517183333333,0
2.4401838833333334,0
2.44185045,0
2.4435316166666667,0
2.4451991,0
2.4468692666666665,0
2.4485397,0
2.45021665,0
2.4519692,0
2.453704166666667,0
2.4553680333333334,0
2.4570380999999997,0
2.458867183333333,0
2.4605336166666665,0
2.4622003500000003,0
2.4638671166666666,0
2.46553455,0
2.4672004666666667,0
2.4688686166666667,0
2.4705489000000003,0
2.4722184499999997,0
2.4738876999999997,0
2.4755561166666666,0
2.477223433333333,0
2.478890016666667,0
2.4805839166666668,0
2.4823418,0
2.4842006833333334,0
2.4858667000000003,0
2.4875338166666667,0
2.4892012666666665,0
2.4908673,0
2.492534033333333,0
2.4942014333333336,0
2.4958820166666666,0
2.4975500666666663,0
2.49921875,0
2.5008861,0
2.502552016666667,0
2.5042229166666665,0
2.5058900166666667,0
2.5075595666666666,0
2.5092229833333333,0
2.510889783333333,0
2.5126888166666665,0
2.5145504833333336,0
2.516217183333333,0
2.5178838166666666,0
2.51955155,0
2.521217083333333,0
2.522883816666667,0
2.52456715,0
2.5262338,0
2.5279003166666665,0
2.5295671333333334,0
2.5312402666666665,0
2.532900333333333,0
2.5345745333333336,0
2.5359399833333334,0
2.53791725,0
2.539600333333333,0
2.5412671666666666,0
2.5429336666666664,0
2.54460345,0
2.5462839666666666,0
2.5479513666666667,0
2.5496171166666666,0
2.551283366666667,0
2.5529504666666667,0
2.5546195166666665,0
2.55616055,0
2.5579687,0
2.5596336666666666,0
2.56130135,0
2.5629671666666667,0
2.5646504666666665,0
2.566317133333333,0
2.567983783333333,0
2.569633366666667,0
2.5713336666666664,0
2.5730004666666666,0
2.5746671500000002,0
2.5763337833333333,0
2.578001333333333,0
2.5796690000000004,0
2.5813337499999998,0
2.5830004666666664,0
2.5846833499999997,0
2.5863529333333335,0
2.588033766666667,0
2.5897000333333335,0
2.5913671166666665,0
2.5930347,0
2.5947173166666664,0
2.596384,0
2.598050616666667,0
2.5997173166666663,0
2.6013839666666665,0
2.603050566666667,0
2.60473395,0
2.60640055,0
2.6080672333333337,0
2.6097339666666666,0
2.6114006333333335,0
2.6130673,0
2.6147506333333332,0
2.6164172833333335,0
2.6180838166666667,0
2.619750666666667,0
2.6214172333333337,0
2.6230983833333332,0
2.6247673,0
2.626434033333333,0
2.62810065,0
2.6297673166666664,0
2.6314339666666666,0
2.6331006833333332,0
2.6347841166666663,0
2.6364506333333333,0
2.6381173166666665,0
2.6398006333333335,0
2.6414673333333334,0
2.6431347499999998,0
2.6448173166666664,0
2.6464839833333333,0
2.6481506333333336,0
2.6498173166666663,0
2.6514839666666665,0
2.6531673000000002,0
2.654834,0
2.656501216666667,0
2.65816735,0
2.6598340166666667,0
2.6615042833333336,0
2.66316745,0
2.6648506333333333,0
2.66651735,0
2.6681839666666667,0
2.6698506666666666,0
2.6715173166666664,0
2.6731839666666666,0
2.6748673333333333,0
2.6765341,0
2.6782006333333332,0
2.6798673,0
2.681534016666667,0
2.6832014333333336,0
2.6848840000000003,0
2.68655065,0
2.6882173666666667,0
2.6899006333333335,0
2.69156745,0
2.693234883333333,0
2.6949174333333334,0
2.6965840500000002,0
2.6982506833333333,0
2.6999173333333335,0
2.701583916666667,0
2.70325075,0
2.7049339666666667,0
2.706600616666667,0
2.7082673,0
2.7099339500000004,0
2.711600633333333,0
2.7132672333333336,0
2.714950616666667,0
2.71661795,0
2.7182839666666667,0
2.719950616666667,0
2.7216172833333334,0
2.7232839666666666,0
2.72496725,0
2.726633983333333,0
2.7283006666666667,0
2.7299673166666665,0
2.731633983333333,0
2.733300633333333,0
2.7349665333333335,0
2.736667183333333,0
2.7383339666666666,0
2.7400006333333335,0
2.741667416666667,0
2.7433339666666665,0
2.74500595,0
2.746678616666667,0
2.74835055,0
2.7500167,0
2.7516839500000003,0
2.75335065,0
2.755033983333333,0
2.7567006333333333,0
2.7583673,0
2.7600339500000004,0
2.761700616666667,0
2.76336745,0
2.7650504666666667,0
2.7667171500000003,0
2.768383883333333,0
2.7697730666666667,0
2.771733933333333,0
2.7734004833333334,0
2.7750837833333333,0
2.77675045,0
2.77841715,0
2.780083816666667,0
2.781751266666667,0
2.7834171666666667,0
2.785083366666667,0
2.7867504666666667,0
2.7884256333333335,0
2.790098733333333,0
2.7917504833333333,0
2.79343575,0
2.7951061000000004,0
2.7967732499999998,0
2.7984428833333332,0
2.8001237666666667,0
2.8018647000000003,0
2.8037049166666668,0
2.8053754,0
2.8070424666666667,0
2.8087093833333334,0
2.8103772,0
2.81204455,0
2.8137117,0
2.8153874833333337,0
2.817083816666667,0
2.8187515166666666,0
2.820417133333333,0
2.822083816666667,0
2.82375045,0
2.8254171666666665,0
2.8270839666666667,0
2.8287508833333335,0
2.83041715,0
2.8320838166666666,0
2.8337652500000003,0
2.8354317666666664,0
2.837100566666667,0
2.8387671500000002,0
2.8404338333333334,0
2.8421005,0
2.8437818666666668,0
2.8454520999999997,0
2.8471192833333334,0
2.8487860666666664,0
2.85045225,0
2.8521173166666665,0
2.853791466666667,0
2.8554504833333336,0
2.857117166666667,0
2.858783816666667,0
2.8604689833333334,0
2.8621338166666668,0
2.8638004833333337,0
2.865467183333333,0
2.867133883333333,0
2.8688000333333337,0
2.87048165,0
2.8721504833333333,0
2.8738171666666665,0
2.875483883333333,0
2.8771504833333337,0
2.8788168666666665,0
2.8804836833333334,0
2.8820573499999997,0
2.883833866666667,0
2.8855005833333336,0
2.8871839500000003,0
2.8888506,0
2.890517183333333,0
2.892183816666667,0
2.89385995,0
2.8955178833333335,0
2.8971837999999996,0
2.89886715,0
2.900531583333333,0
2.9022015999999997,0
2.9038673,0
2.9055365,0
2.9072006333333333,0
2.9088698833333333,0
2.9105339666666667,0
2.9122173166666663,0
2.91388405,0
2.9155506333333334,0
2.917217416666667,0
2.918883983333333,0
2.92055065,0
2.9222341,0
2.9239006333333335,0
2.9255672333333336,0
2.92723395,0
2.9289006499999997,0
2.9305673,0
2.9322440333333333,0
2.9339173,0
2.9355839666666665,0
2.9372601166666663,0
2.938934,0
2.940600633333333,0
2.9422672833333334,0
2.9439339666666666,0
2.9456006833333332,0
2.94726735,0
2.9489339666666665,0
2.950622366666667,0
2.952284933333333,0
2.9539506999999996,0
2.9556174333333334,0
2.9572956833333337,0
2.9589651666666668,0
2.9606173,0
2.9623007833333332,0
2.9639673,0
2.965633983333333,0
2.9673005666666668,0
2.96896695,0
2.9706506333333333,0
2.97231735,0
2.9739839666666668,0
2.97565065,0
2.9773173166666664,0
2.97898405,0
2.980650633333333,0
2.982333966666667,0
2.98400065,0
2.985666983333333,0
2.987350666666667,0
2.989017,0
2.9906839666666665,0
2.992350666666667,0
2.9940173,0
2.99568395,0
2.9973506666666667,0
2.9990173,0
3.0006839666666667,0
3.00222695,0
3.004050633333333,0
3.0057172833333334,0
3.007383916666667,0
3.0090505,0
3.01072915,0
3.0123984166666666,0
3.014065566666667,0
3.0157360833333335,0
3.0174064333333335,0
3.0190730333333335,0
3.02074575,0
3.0224006333333335,0
3.024082316666667,0
3.0257511833333335,0
3.0274183333333333,0
3.0290850000000002,0
3.03075275,0
3.0324173,0
3.034084033333333,0
3.035750566666667,0
3.0374173,0
3.0390841,0
3.0407507500000004,0
3.0424341166666666,0
3.044100633333333,0
3.0457672833333334,0
3.0474339666666665,0
3.0491121833333334,0
3.0507822833333336,0
3.052450633333333,0
3.0541174499999997,0
3.0557839666666666,0
3.0574506333333336,0
3.05911745,0
3.0607839500000003,0
3.0624674,0
3.0641340833333337,0
3.065800616666667,0
3.0674674333333334,0
3.069134033333333,0
3.0708008166666665,0
3.07248395,0
3.0741508,0
3.0758182333333335,0
3.0775006166666667,0
3.0791673,0
3.0808341,0
3.0825172833333334,0
3.0841839666666666,0
3.0858505999999997,0
3.0875173,0
3.0891849666666666,0
3.0908507,0
3.0925340833333337,0
3.094200783333333,0
3.0958673666666665,0
3.0975341166666666,0
3.099200783333333,0
3.1008673,0
3.1024923666666666,0
3.1041968333333334,0
3.1058839666666667,0
3.10755065,0
3.10921715,0
3.1108838333333333,0
3.1125270333333335,0
3.11423035,0
3.1159005833333335,0
3.11756725,0
3.1192345166666664,0
3.120900616666667,0
3.122583816666667,0
3.1242505166666663,0
3.1259173,0
3.1275838166666667,0
3.1292504833333337,0
3.1309172166666666,0
3.1326005166666664,0
3.1342671833333333,0
3.1359336166666667,0
3.1376004833333333,0
3.1392672,0
3.140933766666667,0
3.1423477999999996,0
3.14428385,0
3.1459504833333334,0
3.1476172,0
3.149283883333333,0
3.1509504833333333,0
3.1525759,0
3.1543006333333334,0
3.1559671666666667,0
3.15763385,0
3.1593004666666666,0
3.1609671500000003,0
3.1626504833333335,0
3.16431715,0
3.165983816666667,0
3.1676673,0
3.1693338,0
3.17100055,0
3.1726839000000004,0
3.174350566666667,0
3.1760172166666667,0
3.177683883333333,0
3.1793514333333337,0
3.1810173,0
3.1827006333333334,0
3.1843673,0
3.186033866666667,0
3.1877004666666666,0
3.1893673,0
3.191033983333333,0
3.1927172,0
3.1943838833333333,0
3.19605055,0
3.1977338166666667,0
3.1994004833333336,0
3.2010672166666665,0
3.2026030833333334,0
3.204122983333333,0
3.2061005333333332,0
3.2077823833333334,0
3.2094505333333334,0
3.2111173166666664,0
3.2127671666666666,0
3.2144672,0
3.2161339166666667,0
3.2178172166666665,0
3.219484,0
3.22115145,0
3.2225486333333335,0
3.2245005833333336,0
3.2261667000000003,0
3.227833866666667,0
3.2295005666666667,0
3.2311672333333337,0
3.2328506,0
3.2345181333333333,0
3.236183883333333,0
3.2378505333333334,0
3.2395172333333337,0
3.2411846333333334,0
3.2428672166666668,0
3.2445339000000004,0
3.24620145,0
3.2478672333333334,0
3.2495346499999997,0
3.2512005166666667,0
3.252598283333333,0
3.2545505,0
3.2562181000000003,0
3.2579005,0
3.2595672166666665,0
3.2612339,0
3.2629170833333334,0
3.2645833499999997,0
3.266251233333333,0
3.267917183333333,0
3.2695838499999996,0
3.271254133333333,0
3.2729337999999997,0
3.274600566666667,0
3.27626725,0
3.2779339000000003,0
3.27960055,0
3.281267166666667,0
3.282912666666667,0
3.2846159999999998,0
3.2862839166666666,0
3.2879510333333335,0
3.289617133333333,0
3.291286166666667,0
3.2929673,0
3.2946339000000004,0
3.2963006333333333,0
3.2979672166666667,0
3.299633883333333,0
3.301315166666667,0
3.302690016666667,0
3.304667233333334,0
3.3063347333333333,0
3.3080005666666668,0
3.3096673,0
3.3113339666666666,0
3.3130173,0
3.314683816666667,0
3.3163514333333337,0
3.31801725,0
3.3196009833333333,0
3.32136065,0
3.3228731166666665,0
3.32470065,0
3.32636725,0
3.328033883333333,0
3.3297006,0
3.3313693166666667,0
3.3330507500000004,0
3.33471745,0
3.3363811833333337,0
3.3380840833333334,0
3.3397507500000003,0
3.3414174,0
3.3430840166666664,0
3.344750783333333,0
3.3464172833333334,0
3.3480840666666665,0
3.3497654833333335,0
3.35143565,0
3.353106133333333,0
3.3547745833333336,0
3.3566939666666666,0
3.358433816666667,0
3.3601004666666667,0
3.3617673,0
3.3634505166666666,0
3.3651172333333337,0
3.3667838833333334,0
3.368450666666667,0
3.37011725,0
3.3717886499999996,0
3.37346715,0
3.3751339833333334,0
3.3768004666666664,0
3.3784673666666665,0
3.3801359833333335,0
3.38180055,0
3.3834839333333333,0
3.3851505833333335,0
3.3868172000000003,0
3.3884838166666666,0
3.3901506333333336,0
3.39181725,0
3.3935006,0
3.3951671500000002,0
3.3968338333333334,0
3.3985006999999996,0
3.4001673,0
3.4018368666666667,0
3.4035338166666667,0
3.40520045,0
3.4068672833333333,0
3.408533933333333,0
3.4102006333333335,0
3.4118672,0
3.413550633333333,0
3.4152172333333337,0
3.4168839666666666,0
3.418550616666667,0
3.4202172666666666,0
3.4219029499999998,0
3.423567183333333,0
3.4252338499999997,0
3.4269011333333332,0
3.4282734833333337,0
3.4302506333333334,0
3.4319172333333334,0
3.4336005,0
3.4352673,0
3.4369338833333334,0
3.4386006333333334,0
3.4402673333333333,0
3.4419339166666667,0
3.4434934833333335,0
3.445283916666667,0
3.4469506333333335,0
3.4486172333333336,0
3.450283916666667,0
3.4519505,0
3.4536506166666667,0
3.4553173166666666,0
3.45698395,0
3.4586506333333333,0
3.4603172666666664,0
3.4619839166666666,0
3.4636671333333333,0
3.4653339666666665,0
3.4670006333333334,0
3.4686672166666668,0
3.4703401166666668,0
3.4720173,0
3.4736839,0
3.4753500333333336,0
3.47701725,0
3.478683983333333,0
3.4803506333333334,0
3.4820171666666666,0
3.4836997333333333,0
3.4853668666666664,0
3.4870339500000003,0
3.4887000333333336,0
3.4903673,0
3.4920348333333333,0
3.49370655,0
3.495380433333333,0
3.497050616666667,0
3.4987174333333333,0
3.5003839500000002,0
3.5020504833333335,0
3.503733866666667,0
3.5054002,0
3.5070672000000003,0
3.5087332,0
3.5104173,0
3.512083816666667,0
3.51371535,0
3.5154340166666667,0
3.5171006333333334,0
3.5187671333333332,0
3.52043395,0
3.5221006999999998,0
3.5237839666666666,0
3.5254504666666664,0
3.5271173166666663,0
3.5287838,0
3.530450566666667,0
3.5321172833333336,0
3.533800616666667,0
3.5354672333333337,0
3.5371338333333333,0
3.5388008,0
3.5404673166666667,0
3.5421339166666668,0
3.5438173,0
3.5454839666666667,0
3.547150616666667,0
3.548833966666667,0
3.5505006,0
3.5521672833333335,0
3.5538396666666667,0
3.555399616666667,0
3.5572007666666665,0
3.5588677833333335,0
3.5604016333333335,0
3.5622005666666667,0
3.5638841166666664,0
3.56555065,0
3.5672184833333334,0
3.5687638500000003,0
3.5705674,0
3.5722341166666665,0
3.5739173,0
3.575584216666667,0
3.57725075,0
3.5789340333333333,0
3.5806007666666666,0
3.58226745,0
3.5839341333333334,0
3.5856007666666665,0
3.5872674499999997,0
3.5889341166666666,0
3.5906007333333334,0
3.59226745,0
3.5939403166666666,0
3.59560945,0
3.597267416666667,0
3.5989485166666664,0
3.6006189833333333,0
3.6022859833333336,0
3.603956016666667,0
3.605623,0
3.6074634166666666,0
3.6090250833333335,0
3.6109340000000003,0
3.6126006499999996,0
3.6142672,0
3.61593395,0
3.6176006333333333,0
3.6192673833333333,0
3.6209339666666667,0
3.622600633333333,0
3.6242893666666665,0
3.6259566666666667,0
3.6277749,0
3.629557966666667,0
3.6312376499999997,0
3.632884916666667,0
3.6345705500000003,0
3.6360894999999998,0
3.6379079500000002,0
3.639600616666667,0
3.6412673166666667,0
3.6429506333333332,0
3.64461695,0
3.6463006333333334,0
3.6479673,0
3.64963395,0
3.6513007500000003,0
3.652967966666667,0
3.6546388000000003,0
3.6563172833333337,0
3.657983933333333,0
3.6596506333333334,0
3.6613173166666666,0
3.6629847333333334,0
3.6646566666666667,0
3.6663339666666666,0
3.6680005833333333,0
3.6696674666666667,0
3.67133395,0
3.6730006333333334,0
3.67466745,0
3.676350616666667,0
3.6780172666666666,0
3.679684033333333,0
3.681350683333333,0
3.6830173,0
3.68468395,0
3.6860727499999997,0
3.6879635333333334,0
3.689717466666667,0
3.6913841166666663,0
3.69305455,0
3.694717466666667,0
3.6962756999999997,0
3.6980674833333333,0
3.6997341166666664,0
3.7014007833333333,0
3.70306745,0
3.7047341,0
3.706321533333333,0
3.7080840833333335,0
3.7097507500000004,0
3.7114174833333333,0
3.7130840666666667,0
3.7147507500000003,0
3.71643425,0
3.7181008,0
3.71976745,0
3.7214370999999997,0
3.7231006166666667,0
3.72478165,0
3.7264146499999997,0
3.7281174333333333,0
3.7297841,0
3.731450783333333,0
3.733117416666667,0
3.7347841,0
3.73643605,0
3.7381509166666667,0
3.739817433333333,0
3.74148405,0
3.74315175,0
3.7448174499999998,0
3.7464885833333335,0
3.7481517833333333,0
3.74983405,0
3.7515014666666664,0
3.7531675166666667,0
3.7548341166666663,0
3.75649565,0
3.7581765833333334,0
3.759850783333333,0
3.7615174666666666,0
3.7631841166666664,0
3.7648507833333333,0
3.7665341166666666,0
3.768200766666667,0
3.7698674333333333,0
3.771537133333333,0
3.773200783333333,0
3.77486745,0
3.7765508166666666,0
3.7782175,0
3.7798841,0
3.781550783333333,0
3.78321745,0
3.7848841166666665,0
3.7865841833333334,0
3.788250783333333,0
3.7899174833333333,0
3.7915841,0
3.7932546,0
3.79491745,0
3.7965613166666667,0
3.7982676166666667,0
3.7999341,0
3.8016007666666667,0
3.80326745,0
3.8049341166666664,0
3.8065610833333334,0
3.8082841166666666,0
3.8099506333333335,0
3.81161745,0
3.8132841,0
3.8149507333333332,0
3.8165951000000002,0
3.8183008000000003,0
3.819984216666667,0
3.8216507666666666,0
3.82331745,0
3.8249841166666667,0
3.826650783333333,0
3.8283183999999997,0
3.8299841166666666,0
3.8316509166666664,0
3.8333320166666667,0
3.8350023833333333,0
3.8366841166666665,0
3.838350833333333,0
3.8400174999999996,0
3.84168505,0
3.843354466666667,0
3.8450174833333333,0
3.8466948999999997,0
3.8481841833333332,0
3.8500341166666665,0
3.8517173,0
3.8533839666666667,0
3.8550506833333333,0
3.85672485,0
3.8584006499999997,0
3.8600673,0
3.861733966666667,0
3.86340065,0
3.8650673166666665,0
3.8667460666666664,0
3.8684172833333337,0
3.870083966666667,0
3.8717506499999996,0
3.8734173166666666,0
3.875083983333333,0
3.8767673,0
3.8784348499999997,0
3.8801006333333334,0
3.8817673,0
3.883433966666667,0
3.885100616666667,0
3.8867839500000003,0
3.8884506,0
3.8901172833333337,0
3.8916116,0
3.8934673,0
3.8951339833333334,0
3.8968007166666667,0
3.8984673,0
3.9001339666666666,0
3.9018014333333335,0
3.9034710666666665,0
3.90513395,0
3.90681495,0
3.908482316666667,0
3.9101526,0
3.91182295,0
3.9134893666666666,0
3.9153031166666667,0
3.91703415,0
3.91866085,0
3.9203703333333335,0
3.92203735,0
3.923704633333333,0
3.92537025,0
3.92704365,0
3.9287284833333334,0
3.9304307666666665,0
3.9320645,0
3.933800783333333,0
3.9354673666666664,0
3.937134033333333,0
3.9388009333333334,0
3.9404672833333336,0
3.9421340666666667,0
3.9438173333333335,0
3.9454841166666665,0
3.947150683333333,0
3.94881745,0
3.95048395,0
3.9521511333333335,0
3.9537143833333337,0
3.95550075,0
3.9571674,0
3.9588341166666665,0
3.960500783333333,0
3.96216745,0
3.96385075,0
3.9655172666666667,0
3.9671841166666666,0
3.968851233333333,0
3.9705173,0
3.972184066666667,0
3.973850783333333,0
3.9755176000000003,0
3.9771982833333333,0
3.97886475,0
3.9805360666666667,0
3.982202583333333,0
3.9838766333333333,0
3.9855440166666667,0
3.9872100833333337,0
3.9888788333333336,0
3.99062125,0
3.9922068,0
3.9941486999999998,0
3.9958509333333336,0
3.997517616666667,0
3.9991841166666666,0
4.000850783333333,0
4.002517516666667,0
4.004184133333333,0
4.005851750000001,0
4.007517483333333,0
4.0091917666666665,0
4.010865233333333,0
4.0125358,0
4.014202733333333,0
4.0158734166666665,0
4.017540666666667,0
4.019206666666666,0
4.020867533333333,0
4.022548483333334,0
4.024215816666667,0
4.0258861999999995,0
4.02755245,0
4.029225033333334,0
4.0308904666666665,0
4.032867466666667,0
4.034534166666666,0
4.036201616666667,0
4.0378674666666665,0
4.039534066666667,0
4.041200666666667,0
4.042867316666666,0
4.0445340000000005,0
4.0462007,0
4.04786745,0
4.049534033333333,0
4.05121505,0
4.0528823166666665,0
4.05455185,0
4.056219283333333,0
4.0578840000000005,0
4.0595506,0
4.0612173,0
4.062884016666667,0
4.06455075,0
4.066217283333334,0
4.067900716666667,0
4.069567283333334,0
4.07123405,0
4.072899,0
4.07457275,0
4.076250716666666,0
4.0779186166666666,0
4.079600733333333,0
4.081267283333333,0
4.082935783333333,0
4.084600683333333,0
4.08626735,0
4.08793955,0
4.0896173,0
4.091283983333333,0
4.092950683333333,0
4.0946182166666665,0
4.096284066666667,0
4.097952183333334,0
4.09963395,0
4.101300666666667,0
4.102698566666667,0
4.1046674,0
4.10633395,0
4.1080008,0
4.109671266666667,0
4.111334,0
4.113000783333333,0
4.1146673,0
4.116348683333333,0
4.1180189,0
4.1196840833333335,0
4.121350733333333,0
4.123017366666667,0
4.124683966666667,0
4.126365333333333,0
4.128033916666666,0
4.129700783333333,0
4.131367466666667,0
4.133033966666667,0
4.134703633333333,0
4.136367383333333,0
4.138050783333333,0
4.1397174833333334,0
4.141384183333334,0
4.143050783333333,0
4.144717683333333,0
4.1463841666666665,0
4.148067716666667,0
4.149734133333333,0
4.151400933333334,0
4.15308425,0
4.154750766666667,0
4.156417583333333,0
4.158084266666667,0
4.159750883333333,0
4.16141745,0
4.16308795,0
4.164765533333333,0
4.166435966666667,0
4.1681008833333335,0
4.169767616666666,0
4.171434116666666,0
4.173117583333333,0
4.1747841,0
4.176450783333333,0
4.178134116666667,0
4.1798007833333335,0
4.181467516666666,0
4.1831341166666665,0
4.184800983333333,0
4.186467516666667,0
4.1881509333333335,0
4.18981745,0
4.19148425,0
4.1931507833333335,0
4.194817466666667,0
4.196484116666666,0
4.198167433333333,0
4.199834266666667,0
4.201500766666666,0
4.203167516666666,0
4.2048341166666665,0
4.206500766666666,0
4.2081841,0
4.209850933333334,0
4.211517583333333,0
4.2131841,0
4.214850916666666,0
4.2165206,0
4.2182009166666665,0
4.2198675833333334,0
4.221534283333333,0
4.223217583333334,0
4.2248841666666666,0
4.22655275,0
4.228234333333333,0
4.229900883333333,0
4.2315676,0
4.2332342,0
4.2349009,0
4.2365685,0
4.238250766666667,0
4.2399185,0
4.24158425,0
4.243250783333333,0
4.244918316666666,0
4.246587483333333,0
4.2482675500000004,0
4.249935083333334,0
4.251600933333333,0
4.253267616666666,0
4.2549341,0
4.256600916666667,0
4.25828425,0
4.2599508833333335,0
4.2616176,0
4.26328425,0
4.26495085,0
4.266631966666667,0
4.26798975,0
4.26996745,0
4.271634266666667,0
4.2733175333333335,0
4.2749842,0
4.276650933333333,0
4.2780233,0
4.280000916666666,0
4.281667533333334,0
4.283350916666667,0
4.2850177333333335,0
4.28670085,0
4.28838405,0
4.290050783333333,0
4.291717416666667,0
4.2932451,0
4.295067416666667,0
4.2967341,0
4.2984173,0
4.300084116666667,0
4.301750733333333,0
4.303417433333333,0
4.3050841166666665,0
4.306750633333333,0
4.308434116666667,0
4.3101008,0
4.311767383333334,0
4.31345075,0
4.3151174333333335,0
4.316784116666667,0
4.3183404,0
4.320134066666666,0
4.32180075,0
4.3234841,0
4.325151516666667,0
4.326817433333334,0
4.328500666666667,0
4.33016745,0
4.331834066666667,0
4.3335007333333335,0
4.335167416666667,0
4.336850666666667,0
4.3385175,0
4.3401841,0
4.341850783333333,0
4.34351745,0
4.345198216666667,0
4.3468657,0
4.3485341,0
4.3502003,0
4.351867433333333,0
4.353550733333333,0
4.3552174,0
4.356884066666667,0
4.358550766666666,0
4.3602173833333335,0
4.3618841,0
4.363567383333334,0
4.365234116666667,0
4.366900733333333,0
4.368584116666667,0
4.37025065,0
4.371917450000001,0
4.373439633333334,0
4.375267316666666,0
4.376933966666667,0
4.378617433333333,0
4.380284116666667,0
4.381950783333334,0
4.3836174,0
4.385284083333333,0
4.386950766666666,0
4.388634083333333,0
4.390300066666667,0
4.391966699999999,0
4.39363475,0
4.395300916666667,0
4.3969673,0
4.3986353000000005,0
4.40031745,0
4.401983983333333,0
4.4036840999999995,0
4.4053507666666665,0
4.407017450000001,0
4.408684116666667,0
4.4103507833333335,0
4.4120208666666665,0
4.413684066666667,0
4.415350783333333,0
4.41701745,0
4.4186833666666665,0
4.4203674333333325,0
4.422033966666667,0
4.423700033333333,0
4.425367216666666,0
4.427034099999999,0
4.428703566666666,0
4.430371066666667,0
4.432034683333334,0
4.433715366666667,0
4.435384116666667,0
4.43705015,0
4.438734200000001,0
4.440400749999999,0
4.442068333333333,0
4.443733533333333,0
4.44540165,0
4.447067316666667,0
4.448735833333334,0
4.450417416666666,0
4.4520840999999995,0
4.453767433333333,0
4.4554340833333335,0
4.4571007499999995,0
4.4587674,0
4.4604339500000005,0
4.4621007666666666,0
4.463767433333333,0
4.4654489,0
4.467112416666667,0
4.468784033333334,0
4.470450616666667,0
4.472117433333333,0
4.473784183333333,0
4.475450749999999,0
4.477117316666667,0
4.478800783333334,0
4.4804673,0
4.482134083333333,0
4.483800783333334,0
4.4854667,0
4.487134066666666,0
4.48881745,0
4.490484116666667,0
4.492150949999999,0
4.493834116666667,0
4.4955008,0
4.4971674833333335,0
4.49885075,0
4.500517433333333,0
4.502183466666666,0
4.50386745,0
4.50553445,0
4.507200833333333,0
4.5088673,0
4.510535483333333,0
4.512200783333333,0
4.51386745,0
4.515534116666667,0
4.517200683333334,0
4.518884283333333,0
4.5205522333333334,0
4.52221765,0
4.523883783333333,0
4.525550933333333,0
4.527219333333333,0
4.528846583333333,0
4.5304264666666665,0
4.532234266666666,0
4.533900916666666,0
4.535567566666667,0
4.53723425,0
4.5389102,0
4.540584283333333,0
4.542250933333333,0
4.543917583333333,0
4.54558425,0
4.547251083333333,0
4.548934283333333,0
4.55060095,0
4.552267516666666,0
4.5539509,0
4.5556176,0
4.557284166666666,0
4.558950933333333,0
4.560617583333333,0
4.562284233333333,0
4.5639509333333335,0
4.565617583333333,0
4.567284283333333,0
4.568744083333334,0
4.570650933333333,0
4.572317583333334,0
4.573984266666667,0
4.575651016666667,0
4.57731775,0
4.578984316666666,0
4.5806508,0
4.5823176,0
4.584006566666666,0
4.585672166666667,0
4.587340083333334,0
4.589334133333334,0
4.591000766666666,0
4.5926721,0
4.59433415,0
4.596000766666666,0
4.597684200000001,0
4.599350816666667,0
4.6010175,0
4.602623783333334,0
4.604384116666667,0
4.606050783333334,0
4.60771855,0
4.609384166666667,0
4.6110508333333335,0
4.612726833333333,0
4.614384116666667,0
4.616065233333333,0
4.617734116666667,0
4.6194009000000005,0
4.62106745,0
4.622738683333333,0
4.6244008,0
4.626081983333333,0
4.627748983333333,0
4.629419433333334,0
4.6310897833333335,0
4.632756616666667,0
4.6344233500000005,0
4.636090083333333,0
4.6377566833333335,0
4.639423083333334,0
4.641146533333334,0
4.642756783333334,0
4.644662516666666,0
4.6461818500000005,0
4.648003033333333,0
4.649734266666666,0
4.6514010500000005,0
4.653067666666667,0
4.654734283333333,0
4.656400783333334,0
4.6580676,0
4.659748666666666,0
4.6614153499999995,0
4.6630825666666675,0
4.6647527,0
4.666417583333333,0
4.66808425,0
4.669750933333333,0
4.671434266666666,0
4.673101866666667,0
4.674767616666666,0
4.676434266666666,0
4.678101083333333,0
4.679767733333334,0
4.6814342,0
4.68310185,0
4.6847818,0
4.6864487666666665,0
4.688115883333333,0
4.689782583333334,0
4.691434266666667,0
4.693122733333333,0
4.694789966666667,0
4.69645675,0
4.698292333333333,0
4.700100833333333,0
4.7017675,0
4.70343415,0
4.705100783333334,0
4.706767583333333,0
4.708452783333334,0
4.710123116666667,0
4.711789616666667,0
4.7137064833333335,0
4.715383416666667,0
4.717050783333334,0
4.718714216666667,0
4.720397233333333,0
4.7220652,0
4.723767433333333,0
4.725434483333333,0
4.727100833333333,0
4.72876745,0
4.730434116666667,0
4.732100783333333,0
4.733785616666666,0
4.7354529,0
4.737123250000001,0
4.738789816666667,0
4.740651150000001,0
4.742412833333334,0
4.744100933333333,0
4.745767966666667,0
4.747434283333333,0
4.7491009166666664,0
4.750767583333333,0
4.75243345,0
4.754101016666667,0
4.75576775,0
4.75743425,0
4.7591156833333335,0
4.7607825833333335,0
4.762452583333334,0
4.7641194,0
4.7657855499999995,0
4.76745375,0
4.769119783333333,0
4.77078985,0
4.7725209,0
4.7742675666666665,0
4.776031766666667,0
4.777767450000001,0
4.779434166666666,0
4.78110165,0
4.782767466666667,0
4.784434183333333,0
4.786054549999999,0
4.787800883333333,0
4.7894676,0
4.79114865,0
4.792817433333333,0
4.7944841333333335,0
4.7961508,0
4.7978182333333335,0
4.799484116666667,0
4.801150783333334,0
4.8028174833333335,0
4.804499033333333,0
4.80615725,0
4.807835466666667,0
4.80950225,0
4.811166699999999,0
4.812836266666666,0
4.814503616666666,0
4.816170416666666,0
4.81783945,0
4.819506666666667,0
4.821173566666666,0
4.8229327500000005,0
4.824699516666667,0
4.82623705,0
4.828151016666666,0
4.829817633333334,0
4.83148435,0
4.8331511166666665,0
4.834834483333333,0
4.836500216666666,0
4.8381676166666665,0
4.839834333333333,0
4.841500233333334,0
4.843167716666667,0
4.844834383333334,0
4.846501783333333,0
4.848167699999999,0
4.8498491,0
4.85151935,0
4.853189116666667,0
4.854856816666667,0
4.85652355,0
4.8583001,0
4.860064483333334,0
4.861804083333333,0
4.863500716666667,0
4.86516745,0
4.866834716666666,0
4.868500883333334,0
4.870167516666666,0
4.871834116666667,0
4.873500816666667,0
4.875167516666666,0
4.87683415,0
4.878512533333333,0
4.880182199999999,0
4.881852633333334,0
4.883522849999999,0
4.885190166666666,0
4.8868508833333335,0
4.8885175,0
4.8901842,0
4.891868333333333,0
4.893534166666666,0
4.895200766666666,0
4.896881733333333,0
4.898548983333334,0
4.900219533333334,0
4.901889816666667,0
4.903555633333333,0
4.9052234,0
4.907034933333334,0
4.908706966666667,0
4.910375983333333,0
4.912043933333333,0
4.913711449999999,0
4.915382283333333,0
4.917050033333333,0
4.918706866666667,0
4.9205342666666665,0
4.922200833333333,0
4.923867583333333,0
4.9255345,0
4.927200833333333,0
4.92886775,0
4.930536766666667,0
4.9322008833333335,0
4.933889000000001,0
4.9355510166666665,0
4.937217599999999,0
4.938901933333333,0
4.940569533333334,0
4.942239733333333,0
4.943906516666667,0
4.945573316666667,0
4.947238133333333,0
4.949217483333333,0
4.950884116666667,0
4.952551383333333,0
4.954217533333334,0
4.955885283333334,0
4.957550933333333,0
4.959231933333334,0
4.960899066666667,0
4.96256655,0
4.964235916666667,0
4.96590625,0
4.967573233333333,0
4.969239816666667,0
4.971163316666667,0
4.97258855,0
4.9745509,0
4.976217516666666,0
4.977900933333333,0
4.97956745,0
4.981234099999999,0
4.982900949999999,0
4.984567583333333,0
4.986233366666666,0
4.987901,0
4.98956745,0
4.991240666666667,0
4.992900916666667,0
4.994582383333333,0
4.9962527,0
4.997922983333334,0
4.999593333333333,0
5.001256583333333,0
5.0030386,0
5.004901033333333,0
5.006567733333333,0
5.0082345,0
5.009901,0
5.0115677,0
5.013234416666667,0
5.014901083333333,0
5.016567666666667,0
5.01823425,0
5.0199153,0
5.021567766666666,0
5.023252866666667,0
5.024919816666667,0
5.026589583333333,0
5.028256750000001,0
5.030234283333333,0
5.031900933333333,0
5.03356755,0
5.03523425,0
5.036900883333334,0
5.0385675999999995,0
5.04024895,0
5.041919233333333,0
5.043589616666666,0
5.04525665,0
5.046923383333334,0
5.048589833333334,0
5.050373049999999,0
5.05202335,0
5.053717450000001,0
5.05538635,0
5.057087616666666,0
5.058854266666667,0
5.06040815,0
5.06211485,0
5.06386585,0
5.065584416666667,0
5.067250933333333,0
5.0689178,0
5.070584366666666,0
5.072251016666667,0
5.073917216666667,0
5.075584266666667,0
5.077251066666667,0
5.078922533333333,0
5.0805844166666665,0
5.082251083333333,0
5.0839325833333335,0
5.085598666666667,0
5.087250933333333,0
5.088936100000001,0
5.090606616666666,0
5.0922733,0
5.094155033333334,0
5.095903883333333,0
5.097600916666667,0
5.0992682,0
5.100935166666666,0
5.1026013500000005,0
5.10426765,0
5.105934216666667,0
5.107615383333333,0
5.109281816666666,0
5.110952933333333,0
5.1126234166666675,0
5.114293883333333,0
5.116267566666667,0
5.1179342666666665,0
5.119305566666666,0
5.121284116666667,0
5.122950966666667,0
5.1246176,0
5.126284283333333,0
5.127950916666666,0
5.129617533333334,0
5.1312842666666665,0
5.132973316666666,0
5.134639783333333,0
5.13661775,0
5.138300966666667,0
5.139967816666667,0
5.141634266666666,0
5.1433177500000005,0
5.1449844,0
5.146651083333333,0
5.1483186,0
5.149984416666666,0
5.151651066666667,0
5.153334366666666,0
5.15500105,0
5.156667733333333,0
5.15833425,0
5.160000933333333,0
5.161667733333333,0
5.1633344,0
5.165001083333333,0
5.166682266666666,0
5.168352733333333,0
5.17001765,0
5.1716844,0
5.173350916666666,0
5.17501775,0
5.176686366666666,0
5.178351066666667,0
5.180021333333333,0
5.1816843666666665,0
5.183373250000001,0
5.1850225,0
5.1867009,0
5.188381933333334,0
5.18972735,0
5.191717883333333,0
5.19338425,0
5.195072049999999,0
5.1967342499999996,0
5.198400749999999,0
5.20008435,0
5.201750949999999,0
5.2034176,0
5.205084200000001,0
5.206750916666667,0
5.20842075,0
5.210084266666667,0
5.211758483333334,0
5.213431166666666,0
5.21509905,0
5.216769566666667,0
5.218439583333334,0
5.220101016666667,0
5.221782116666667,0
5.22344915,0
5.225119366666667,0
5.2267872833333335,0
5.228456316666667,0
5.230123,0
5.231790033333334,0
5.2334559,0
5.235181633333333,0
5.236797583333333,0
5.23868335,0
5.240378916666667,0
5.24205275,0
5.243719233333333,0
5.245403933333333,0
5.247100916666667,0
5.2487842833333325,0
5.250450916666667,0
5.25211845,0
5.25378425,0
5.255450933333333,0
5.2571176,0
5.258797033333333,0
5.260465366666667,0
5.262135766666667,0
5.263784266666667,0
5.265473466666666,0
5.267139766666666,0
5.268805666666667,0
5.270758933333334,0
5.272451033333333,0
5.27411855,0
5.275784416666666,0
5.277451066666667,0
5.279117733333334,0
5.280784416666667,0
5.282451066666667,0
5.2841256,0
5.2857837666666665,0
5.287451083333333,0
5.289124566666667,0
5.290801066666667,0
5.29246775,0
5.294134383333334,0
5.295801066666667,0
5.29746775,0
5.2991355,0
5.300801066666667,0
5.302467616666666,0
5.3041510999999995,0
5.30581775,0
5.307485316666667,0
5.309151083333333,0
5.310817816666667,0
5.312485083333333,0
5.31415295,0
5.315817766666666,0
5.317484333333334,0
5.31915145,0
5.320817866666666,0
5.3225027,0
5.324169483333333,0
5.32584,0
5.327506666666667,0
5.329484116666667,0
5.331150933333333,0
5.332817733333334,0
5.334488066666666,0
5.3358985,0
5.337833300000001,0
5.339501033333333,0
5.341167716666667,0
5.342834266666666,0
5.34450245,0
5.3461676166666665,0
5.347834233333334,0
5.349500933333333,0
5.351167616666666,0
5.352833899999999,0
5.354507750000001,0
5.356167616666666,0
5.357848833333334,0
5.359515833333334,0
5.361184416666667,0
5.362852416666667,0
5.364519433333334,0
5.366186216666667,0
5.3678536333333335,0
5.369519566666667,0
5.371189916666667,0
5.372856816666666,0
5.374524266666667,0
5.3761843166666665,0
5.377863866666667,0
5.379532516666667,0
5.38119835,0
5.382869516666666,0
5.3845376,0
5.386200816666666,0
5.387867616666666,0
5.389534916666666,0
5.391202566666666,0
5.3928675833333335,0
5.394535733333333,0
5.396201083333334,0
5.3978795,0
5.399534283333333,0
5.401220566666667,0
5.402890116666667,0
5.4045595,0
5.406223316666666,0
5.408201066666667,0
5.409884466666667,0
5.411551116666667,0
5.4132177666666665,0
5.4148844,0
5.4165520166666665,0
5.4182366,0
5.419906750000001,0
5.421661899999999,0
5.42324015,0
5.4251621000000005,0
5.42688435,0
5.428550933333333,0
5.430216883333333,0
5.4318842499999995,0
5.433550966666667,0
5.4352178,0
5.436884283333333,0
5.438550966666667,0
5.440225116666666,0
5.441900966666667,0
5.4435676,0
5.445234266666667,0
5.446901066666667,0
5.44856775,0
5.450234316666667,0
5.451901,0
5.453567616666666,0
5.455248533333333,0
5.4569159833333325,0
5.458582383333334,0
5.460252733333333,0
5.461920416666667,0
5.463590016666667,0
5.46527945,0
5.467029533333333,0
5.4686566,0
5.470368683333333,0
5.47204015,0
5.473713733333334,0
5.475384200000001,0
5.477048150000001,0
5.47872165,0
5.480383016666667,0
5.48225105,0
5.483917783333333,0
5.485585583333333,0
5.487250766666667,0
5.488917900000001,0
5.4905844,0
5.4922511,0
5.493917783333333,0
5.495584383333334,0
5.4972656833333335,0
5.498936083333333,0
5.500602866666667,0
5.502269366666667,0
5.50394005,0
5.5056065499999995,0
5.507386533333333,0
5.5091636500000005,0
5.5109138,0
5.512584266666666,0
5.514251083333334,0
5.515917716666667,0
5.517584333333334,0
5.5192532,0
5.5209176,0
5.522584266666667,0
5.524250933333333,0
5.525917733333333,0
5.527584266666667,0
5.529265233333333,0
5.530932483333333,0
5.532584333333333,0
5.5342693999999995,0
5.535935899999999,0
5.537606733333333,0
5.539267733333333,0
5.5409344166666665,0
5.542601,0
5.544282183333333,0
5.545934316666667,0
5.547619399999999,0
5.549286416666667,0
5.550956583333334,0
5.55262295,0
5.5545036,0
5.556264633333334,0
5.5579342333333335,0
5.559505083333333,0
5.5612676,0
5.5629343,0
5.564600866666667,0
5.5662676,0
5.567950966666667,0
5.5696176,0
5.5712843,0
5.572951,0
5.574617666666667,0
5.5762843166666665,0
5.577950966666667,0
5.5796175833333335,0
5.58129915,0
5.582951066666667,0
5.584639966666667,0
5.586302033333333,0
5.58796765,0
5.589635916666667,0
5.591301033333333,0
5.5929822,0
5.59464955,0
5.5963167,0
5.59798615,0
5.59965665,0
5.6013234,0
5.602983533333333,0
5.6046510666666665,0
5.606336083333333,0
5.608003016666666,0
5.6096733,0
5.611339683333333,0
5.613166316666667,0
5.614929233333333,0
5.616651216666666,0
5.6183179333333335,0
5.62000115,0
5.621667833333333,0
5.623334516666667,0
5.625000816666667,0
5.626667916666666,0
5.628206916666667,0
5.63001785,0
5.631684516666667,0
5.633351116666667,0
5.6350171666666675,0
5.636701183333333,0
5.6383678,0
5.640034483333333,0
5.641701299999999,0
5.64336785,0
5.64503445,0
5.646702,0
5.648382583333333,0
5.650052816666666,0
5.6517198,0
5.65338985,0
5.655056666666667,0
5.656816783333333,0
5.658582999999999,0
5.6601669333333335,0
5.661866833333334,0
5.66370085,0
5.66536765,0
5.667034366666666,0
5.668701816666666,0
5.670368533333334,0
5.672035216666667,0
5.673700916666666,0
5.67536855,0
5.677034283333333,0
5.678701,0
5.68036855,0
5.682035183333333,0
5.683717633333334,0
5.685383916666666,0
5.68705105,0
5.688721433333334,0
5.6903855,0
5.692051,0
5.693731683333334,0
5.695397633333333,0
5.697069366666667,0
5.69873625,0
5.7003884000000005,0
5.7020694333333335,0
5.703739816666667,0
5.705406616666667,0
5.707076416666667,0
5.7087393,0
5.7104065,0
5.712079883333334,0
5.713748766666666,0
5.71541555,0
5.717082433333333,0
5.718748783333334,0
5.720419266666667,0
5.722086133333334,0
5.7237566,0
5.725422983333334,0
5.72709005,0
5.729067833333334,0
5.730734549999999,0
5.7324012,0
5.7340678333333335,0
5.735734566666667,0
5.737401116666667,0
5.739084533333333,0
5.740751116666666,0
5.7424178333333336,0
5.744084483333333,0
5.745751066666667,0
5.747417883333333,0
5.749099233333334,0
5.750769283333334,0
5.7524362,0
5.75410665,0
5.755772716666667,0
5.7574412,0
5.7594007000000005,0
5.761084433333333,0
5.7627511,0
5.764417683333333,0
5.765790133333334,0
5.767767699999999,0
5.769434283333333,0
5.771101083333333,0
5.772768616666667,0
5.774434433333333,0
5.776101066666667,0
5.7777675833333335,0
5.77944865,0
5.781115816666667,0
5.782782533333333,0
5.784434283333333,0
5.7861195,0
5.787790183333334,0
5.789456683333333,0
5.7911607,0
5.792790116666667,0
5.79470825,0
5.796451216666666,0
5.798117816666667,0
5.799784416666666,0
5.801451233333334,0
5.803117866666667,0
5.804785133333334,0
5.806458266666667,0
5.808132649999999,0
5.8097991,0
5.8114511166666665,0
5.8131398999999995,0
5.814806516666667,0
5.8164734,0
5.8181476000000005,0
5.819806750000001,0
5.821690533333332,0
5.823467533333334,0
5.825134266666667,0
5.826801833333333,0
5.828468466666667,0
5.830134416666667,0
5.8318050999999995,0
5.83346775,0
5.8351344166666665,0
5.8368010833333335,0
5.838467766666667,0
5.840149366666667,0
5.8418195,0
5.84349005,0
5.845306683333334,0
5.847040366666667,0
5.848708133333334,0
5.850375883333333,0
5.8520240999999995,0
5.853720683333333,0
5.855404133333334,0
5.8571376,0
5.8588176,0
5.8604843833333335,0
5.862150916666667,0
5.863817733333334,0
5.865484416666667,0
5.867150916666667,0
5.868817733333334,0
5.870498783333334,0
5.872165983333333,0
5.8738361333333335,0
5.8755029,0
5.877167716666667,0
5.878834400000001,0
5.880501083333334,0
5.882168066666666,0
5.88383425,0
5.885501816666666,0
5.887185883333333,0
5.8888528,0
5.8905212166666665,0
5.8921898666666666,0
5.89385615,0
5.8955264,0
5.89719,0
5.898999766666666,0
5.9005826,0
5.902280066666667,0
5.904044833333334,0
5.905788866666667,0
5.907517866666667,0
5.90918455,0
5.910851216666666,0
5.9125179333333335,0
5.9141846000000005,0
5.915851216666666,0
5.917532400000001,0
5.9191979833333335,0
5.920867966666666,0
5.9225354333333335,0
5.924201233333334,0
5.925867733333334,0
5.927534566666667,0
5.929201216666666,0
5.9308678666666665,0
5.932534566666667,0
5.934215616666666,0
5.935882383333333,0
5.937549333333334,0
5.93921945,0
5.9408887833333335,0
5.942556566666666,0
5.944223333333333,0
5.945890100000001,0
5.9477062,0
5.9495344,0
5.951201033333333,0
5.9528679166666665,0
5.954536216666667,0
5.956201066666667,0
5.9578687,0
5.959555733333333,0
5.9612192,0
5.962884483333333,0
5.964564233333333,0
5.96623245,0
5.967902916666667,0
5.969571433333334,0
5.971240033333333,0
5.972906583333334,0
5.974573433333334,0
5.9765512166666666,0
5.978217900000001,0
5.9798845499999995,0
5.9815512166666664,0
5.9832179000000005,0
5.984884650000001,0
5.9865512333333335,0
5.98823455,0
5.989901833333333,0
5.991568816666667,0
5.993234633333333,0
5.9949010666666664,0
5.996567883333333,0
5.998234549999999,0
5.9999012333333335,0
6.0015679,0
6.003234566666667,0
6.004915966666666,0
6.006567933333334,0
6.008256183333333,0
6.009923816666666,0
6.011590016666667,0
6.01356775,0
6.015251116666667,0
6.0169186166666675,0
6.018584416666667,0
6.020251083333333,0
6.02191775,0
6.023584416666667,0
6.025251066666667,0
6.02691775,0
6.028584416666667,0
6.030251083333333,0
6.031918683333333,0
6.0335844000000005,0
6.035269466666667,0
6.036940016666667,0
6.038606716666666,0
6.040273483333333,0
6.041939916666667,0
6.043623283333333,0
6.045302749999999,0
6.047033616666667,0
6.048699116666667,0
6.050372916666666,0
6.0519847,0
6.053720966666666,0
6.055407666666667,0
6.057212066666667,0
6.05873955,0
6.060538133333333,0
6.062221416666667,0
6.0638086,0
6.0656012666666665,0
6.067267883333333,0
6.068934616666667,0
6.0706179,0
6.072284716666666,0
6.07395125,0
6.075617800000001,0
6.0772847,0
6.078956333333333,0
6.080617833333333,0
6.082299216666667,0
6.083951216666666,0
6.085636133333334,0
6.08730265,0
6.088973383333333,0
6.090640083333334,0
6.092392583333333,0
6.09407595,0
6.095820716666667,0
6.097592633333334,0
6.0993010666666665,0
6.100967733333333,0
6.102610100000001,0
6.104334433333333,0
6.106001083333333,0
6.1076714,0
6.1093344499999995,0
6.1110011,0
6.112681983333333,0
6.1143493,0
6.116019416666666,0
6.117689216666666,0
6.119356766666667,0
6.121023466666666,0
6.123001066666667,0
6.12466775,0
6.1263344,0
6.128001083333333,0
6.129671583333333,0
6.131351083333334,0
6.133017883333333,0
6.1346844,0
6.136351116666666,0
6.138017483333333,0
6.139684416666666,0
6.141351216666666,0
6.1430324333333335,0
6.1447028,0
6.146373183333333,0
6.148040066666666,0
6.1497068,0
6.151372983333333,0
6.15304555,0
6.154709933333334,0
6.15644385,0
6.158368100000001,0
6.160034616666667,0
6.161702216666666,0
6.16336795,0
6.165034433333333,0
6.166701233333334,0
6.1683826999999996,0
6.17006775,0
6.171734483333333,0
6.173401066666667,0
6.1750687,0
6.1767354333333335,0
6.178401083333333,0
6.180067766666666,0
6.181734566666667,0
6.183401233333334,0
6.185067733333334,0
6.186753583333334,0
6.188423433333334,0
6.19009015,0
6.191751216666666,0
6.193432366666666,0
6.195102733333333,0
6.196770866666666,0
6.198436266666667,0
6.200106666666667,0
6.201824066666667,0
6.2037033,0
6.205368933333333,0
6.2070509000000005,0
6.208725233333333,0
6.210395433333334,0
6.212069966666666,0
6.213751183333334,0
6.21541785,0
6.21708445,0
6.218663633333334,0
6.220434483333333,0
6.222101066666667,0
6.223771833333333,0
6.225434549999999,0
6.227101183333334,0
6.228767733333333,0
6.2304344333333335,0
6.232115816666667,0
6.23376745,0
6.235452616666667,0
6.237122883333334,0
6.238790083333334,0
6.24045665,0
6.24239965,0
6.2441012166666665,0
6.245767949999999,0
6.247433683333333,0
6.249117983333334,0
6.250784566666667,0
6.25245135,0
6.254117883333333,0
6.255784716666667,0
6.2574512166666665,0
6.259117733333333,0
6.260784633333333,0
6.262473316666666,0
6.264140033333334,0
6.265806366666666,0
6.267473383333333,0
6.26914005,0
6.2708113,0
6.272536,0
6.274467816666667,0
6.276134416666666,0
6.277801216666666,0
6.279467833333333,0
6.281134416666666,0
6.282815533333332,0
6.284482466666666,0
6.286149083333333,0
6.287801083333333,0
6.289486266666667,0
6.291156716666666,0
6.292822616666667,0
6.294496183333333,0
6.296346783333333,0
6.297889783333333,0
6.299801216666666,0
6.3014680499999995,0
6.3031252,0
6.304797466666667,0
6.30644605,0
6.308146933333333,0
6.309506683333334,0
6.3114845666666675,0
6.313150366666666,0
6.31481795,0
6.3164846500000005,0
6.318154783333333,0
6.319817966666666,0
6.321484166666666,0
6.323157950000001,0
6.324832666666667,0
6.326502816666666,0
6.328171283333333,0
6.329834616666666,0
6.331501316666667,0
6.333175016666666,0
6.334834616666667,0
6.3365154666666665,0
6.3381859,0
6.339852283333333,0
6.341523316666667,0
6.343190066666667,0
6.3448588500000005,0
6.3466993333333335,0
6.348455466666667,0
6.35016775,0
6.351834416666667,0
6.353502883333333,0
6.355167733333333,0
6.3568344833333335,0
6.358517900000001,0
6.36018455,0
6.3618511,0
6.363517883333333,0
6.3651915,0
6.366865983333333,0
6.368536183333333,0
6.3702029,0
6.3718733,0
6.373540066666666,0
6.3752065,0
6.3768733,0
6.378636766666666,0
6.3803707833333325,0
6.382040933333333,0
6.3837201,0
6.385366383333333,0
6.387201283333333,0
6.388867866666667,0
6.39053455,0
6.39220115,0
6.39386685,0
6.395534516666666,0
6.397200733333333,0
6.398867966666666,0
6.400534400000001,0
6.402201233333334,0
6.403867900000001,0
6.405534583333334,0
6.40721595,0
6.408884283333333,0
6.410552816666667,0
6.412223366666667,0
6.4138846,0
6.415551166666667,0
6.417217883333333,0
6.4188849999999995,0
6.4205513,0
6.422217866666666,0
6.423884533333333,0
6.42556855,0
6.4272363666666665,0
6.428906416666667,0
6.430576783333334,0
6.43224245,0
6.433976666666666,0
6.4355768499999995,0
6.437486983333333,0
6.439218033333333,0
6.440901183333334,0
6.442568616666667,0
6.444234416666666,0
6.4459012,0
6.447567883333333,0
6.449234466666667,0
6.4509012,0
6.4525762166666665,0
6.454235416666666,0
6.455901183333333,0
6.457586183333333,0
6.4592567,0
6.461066783333333,0
6.462901116666666,0
6.464567916666667,0
6.466234516666667,0
6.467918,0
6.469583833333334,0
6.471251166666667,0
6.472918133333333,0
6.474584316666667,0
6.476251183333333,0
6.477917833333334,0
6.479598916666666,0
6.481266233333333,0
6.4829179833333335,0
6.484602883333333,0
6.4862695,0
6.48794015,0
6.489611616666666,0
6.491369133333333,0
6.4929653,0
6.494629316666667,0
6.49660135,0
6.498268,0
6.499934683333334,0
6.501601316666667,0
6.503272033333333,0
6.50493465,0
6.506601333333333,0
6.508268149999999,0
6.509934666666667,0
6.5116233333333335,0
6.513290033333333,0
6.514956716666666,0
6.516623366666667,0
6.518601216666666,0
6.520267733333333,0
6.521934516666667,0
6.523617866666666,0
6.525284549999999,0
6.5269510833333335,0
6.52861785,0
6.5302845000000005,0
6.5319512,0
6.533617883333333,0
6.535284566666667,0
6.5369706333333335,0
6.538638766666667,0
6.54030665,0
6.541973499999999,0
6.5436399666666665,0
6.545311416666666,0
6.547033416666666,0
6.548702816666666,0
6.5503906,0
6.552048833333333,0
6.5538143,0
6.555413033333333,0
6.557334683333333,0
6.559001333333334,0
6.560668033333333,0
6.562334716666666,0
6.564001333333334,0
6.565668033333333,0
6.5673528,0
6.569019366666667,0
6.570684116666667,0
6.572071466666666,0
6.574018033333333,0
6.5756847,0
6.577351316666667,0
6.579036083333333,0
6.5807067833333335,0
6.582393383333334,0
6.584152816666666,0
6.585719816666667,0
6.58768455,0
6.589351216666667,0
6.591017900000001,0
6.592684416666667,0
6.5943512166666665,0
6.596017916666667,0
6.597684583333334,0
6.599365583333333,0
6.601032083333333,0
6.602684533333333,0
6.604369566666667,0
6.606040033333334,0
6.6078391666666665,0
6.609684416666667,0
6.611368049999999,0
6.613034533333333,0
6.614701216666666,0
6.616367883333333,0
6.6180345,0
6.619714699999999,0
6.621384566666667,0
6.6230518499999995,0
6.6247179,0
6.626384566666667,0
6.628051233333334,0
6.6297256,0
6.631384533333333,0
6.633051216666666,0
6.6347187666666665,0
6.636401883333334,0
6.6380694,0
6.639739666666666,0
6.641410016666667,0
6.643270683333333,0
6.644743683333333,0
6.64671805,0
6.6483847166666665,0
6.6500513833333335,0
6.6517180499999995,0
6.65340125,0
6.65506775,0
6.6567345499999995,0
6.65840125,0
6.660067883333333,0
6.661734516666667,0
6.663415533333333,0
6.6650826499999996,0
6.66675245,0
6.668419433333334,0
6.67008995,0
6.67175665,0
6.673423766666667,0
6.675126183333333,0
6.6768714,0
6.6786047,0
6.680368466666667,0
6.68197125,0
6.683727299999999,0
6.685379533333333,0
6.687058266666666,0
6.688733933333333,0
6.690401216666666,0
6.692068033333333,0
6.6937359,0
6.695406066666667,0
6.697084616666666,0
6.69875135,0
6.7004178833333325,0
6.702083683333333,0
6.703767900000001,0
6.705434566666667,0
6.707101233333334,0
6.7087681,0
6.7104345499999996,0
6.71211555,0
6.713786033333333,0
6.715452849999999,0
6.717122983333334,0
6.718789916666667,0
6.720456783333334,0
6.722123333333334,0
6.7237898666666664,0
6.72576805,0
6.72743485,0
6.72910145,0
6.73076775,0
6.7324347,0
6.734101383333333,0
6.735767966666666,0
6.7374347,0
6.7391160333333335,0
6.740786633333333,0
6.742452816666667,0
6.7441234833333334,0
6.7457903,0
6.747456616666667,0
6.749297933333333,0
6.750908750000001,0
6.752602333333334,0
6.754295516666667,0
6.755914983333333,0
6.757784566666667,0
6.759451216666666,0
6.761117883333333,0
6.762784566666667,0
6.764455216666667,0
6.7661179,0
6.767798966666667,0
6.7694655500000005,0
6.771132683333334,0
6.772802833333333,0
6.774469533333334,0
6.7761400499999995,0
6.7778010166666665,0
6.779482333333333,0
6.7811494833333334,0
6.782819416666666,0
6.78448605,0
6.7861566,0
6.787817933333334,0
6.789496466666667,0
6.7911660000000005,0
6.792832683333334,0
6.7944993333333334,0
6.7961693,0
6.797836833333334,0
6.7995064166666666,0
6.8011734,0
6.802840033333333,0
6.804506716666666,0
6.806173416666667,0
6.807917816666667,0
6.8098179666666665,0
6.811484733333333,0
6.813151416666667,0
6.814818183333333,0
6.8164847,0
6.818151416666667,0
6.819818133333333,0
6.8214847,0
6.8231513999999995,0
6.824818166666667,0
6.826484783333333,0
6.828166066666666,0
6.8298293333333335,0
6.8315028,0
6.833169066666666,0
6.834834716666666,0
6.83650145,0
6.8381681,0
6.8398347,0
6.841516283333333,0
6.843186216666667,0
6.844856683333334,0
6.846523416666667,0
6.848191016666667,0
6.849908833333334,0
6.851675233333334,0
6.8534213,0
6.85516795,0
6.856834583333334,0
6.8585015333333335,0
6.860167966666666,0
6.861708766666667,0
6.863491933333333,0
6.8651845499999995,0
6.866851216666666,0
6.86851775,0
6.870184583333334,0
6.871851366666666,0
6.873524866666667,0
6.8751855,0
6.876858833333333,0
6.8785327999999994,0
6.88020285,0
6.8818706333333335,0
6.883540016666667,0
6.885206883333334,0
6.88703965,0
6.8886999499999995,0
6.890386016666667,0
6.892040466666667,0
6.893722066666667,0
6.895374683333334,0
6.897201366666667,0
6.898868033333334,0
6.900534716666667,0
6.902201383333333,0
6.903868066666666,0
6.9055347,0
6.9072013666666665,0
6.90886785,0
6.910552883333334,0
6.912223616666667,0
6.913890016666667,0
6.915560833333334,0
6.917551466666667,0
6.919218116666666,0
6.920884783333333,0
6.922551366666666,0
6.9242180499999995,0
6.92588485,0
6.9275694833333334,0
6.929239866666666,0
6.930906816666666,0
6.9328846,0
6.934551316666667,0
6.936217883333333,0
6.9378858333333335,0
6.93955125,0
6.9412195500000005,0
6.942884633333333,0
6.944555783333334,0
6.94622005,0
6.947901366666667,0
6.949568033333334,0
6.95123455,0
6.952901216666667,0
6.954567883333333,0
6.9562355,0
6.9579013666666665,0
6.95958245,0
6.961252883333334,0
6.962901266666667,0
6.96459005,0
6.9662563,0
6.9679233,0
6.969901466666666,0
6.971584816666667,0
6.973251383333333,0
6.974918116666666,0
6.9765847999999995,0
6.97825145,0
6.9799181,0
6.98158485,0
6.983251433333334,0
6.984932316666667,0
6.986601283333333,0
6.988267766666667,0
6.98993485,0
6.991602299999999,0
6.993268183333334,0
6.9949347,0
6.99661285,0
6.998283033333333,0
6.999951783333334,0
7.001619516666667,0
7.003286200000001,0
7.004956750000001,0
7.006627466666666,0
7.0083612,0
7.010128383333333,0
7.011877283333333,0
7.01349895,0
7.015195816666667,0
7.01689505,0
7.018601299999999,0
7.020268033333333,0
7.021934716666666,0
7.023601216666666,0
7.0252679,0
7.026929966666667,0
7.028617883333333,0
7.030284633333333,0
7.031951083333333,0
7.033618033333333,0
7.035284716666666,0
7.036951333333334,0
7.038617983333334,0
7.040296583333333,0
7.041965766666666,0
7.04363235,0
7.045302866666667,0
7.046951366666667,0
7.04863735,0
7.050306616666667,0
7.051973299999999,0
7.0536400666666665,0
7.055308516666667,0
7.05696805,0
7.05864925,0
7.060316116666667,0
7.0619829166666666,0
7.063652866666667,0
7.06532335,0
7.0669900666666665,0
7.068658166666666,0
7.070318,0
7.071984666666667,0
7.073666149999999,0
7.075336216666667,0
7.077006666666667,0
7.07867645,0
7.0803405999999995,0
7.08203865,0
7.083707616666667,0
7.085347633333334,0
7.087044116666666,0
7.088712833333334,0
7.090387083333333,0
7.09205825,0
7.093723150000001,0
7.0953955833333335,0
7.09721355,0
7.098748883333334,0
7.10068485,0
7.102351383333333,0
7.1040182000000005,0
7.1056868500000006,0
7.10735145,0
7.109017016666667,0
7.110684783333333,0
7.112351516666667,0
7.114018233333333,0
7.115597016666666,0
7.1173681166666665,0
7.119034766666667,0
7.120734866666667,0
7.122401516666667,0
7.12406895,0
7.125734850000001,0
7.127401533333334,0
7.12907855,0
7.130746633333334,0
7.132416366666667,0
7.13408605,0
7.135752916666666,0
7.13742305,0
7.139090349999999,0
7.140814450000001,0
7.142564366666667,0
7.1443144,0
7.146062733333333,0
7.147751333333334,0
7.149418949999999,0
7.151084433333333,0
7.15261515,0
7.1543429666666665,0
7.1561015333333335,0
7.15776805,0
7.159435533333333,0
7.161102233333334,0
7.1627680499999995,0
7.164434716666666,0
7.1661159833333326,0
7.167786016666667,0
7.169452783333334,0
7.171123433333333,0
7.172790200000001,0
7.174458083333333,0
7.176123416666667,0
7.1777964,0
7.179481816666667,0
7.1811606,0
7.182789983333333,0
7.1846856500000005,0
7.1863421333333335,0
7.188101466666667,0
7.189768183333333,0
7.1914348666666665,0
7.193101516666667,0
7.19476815,0
7.196434816666667,0
7.198101516666667,0
7.199772,0
7.201434716666666,0
7.203134866666667,0
7.204801399999999,0
7.206469083333333,0
7.208151416666667,0
7.209817983333334,0
7.211484850000001,0
7.213151583333333,0
7.214818283333334,0
7.216484866666667,0
7.2181515,0
7.2198326,0
7.221499766666666,0
7.223166383333333,0
7.22483555,0
7.226505166666667,0
7.228173399999999,0
7.229840116666667,0
7.2315067,0
7.233484683333334,0
7.235151366666667,0
7.2368348,0
7.238501299999999,0
7.240168000000001,0
7.2418347,0
7.243501366666667,0
7.2451677666666665,0
7.246834683333334,0
7.24850135,0
7.250172816666667,0
7.251834633333333,0
7.2535013500000005,0
7.25518615,0
7.256852833333333,0
7.258523333333334,0
7.260190016666667,0
7.261900416666667,0
7.263666783333333,0
7.26537235,0
7.2670432,0
7.268703933333333,0
7.270387816666666,0
7.272035566666667,0
7.27371055,0
7.275394966666666,0
7.277057999999999,0
7.278729616666666,0
7.28046715,0
7.2821846500000005,0
7.283851299999999,0
7.285518066666667,0
7.287184683333334,0
7.288851683333334,0
7.290517966666666,0
7.29220165,0
7.293868016666667,0
7.2955493166666665,0
7.297215766666667,0
7.298886066666666,0
7.3005528,0
7.30221955,0
7.303889933333333,0
7.305552866666667,0
7.3072234,0
7.3088901,0
7.31086805,0
7.3125348500000005,0
7.314201016666667,0
7.31586895,0
7.317535466666667,0
7.3191673,0
7.320851466666666,0
7.322551516666667,0
7.3242181833333335,0
7.325886866666667,0
7.32755145,0
7.329218183333333,0
7.330884866666667,0
7.3325515,0
7.334218333333333,0
7.335891183333334,0
7.337551516666667,0
7.33923295,0
7.340900183333333,0
7.342569433333334,0
7.344236266666666,0
7.345906683333333,0
7.347568083333334,0
7.349234916666666,0
7.350923150000001,0
7.352590083333334,0
7.35430205,0
7.356002216666666,0
7.357754433333334,0
7.359551533333334,0
7.361219533333333,0
7.362901366666667,0
7.36456805,0
7.366234716666666,0
7.367901366666667,0
7.369567933333333,0
7.3712347,0
7.3729013666666665,0
7.374584733333333,0
7.376251383333333,0
7.37791805,0
7.379584733333333,0
7.381251366666667,0
7.382917733333334,0
7.38458475,0
7.3862513666666665,0
7.387923866666666,0
7.38958475,0
7.39126595,0
7.392936033333333,0
7.3946028,0
7.396269483333334,0
7.397939966666667,0
7.399669599999999,0
7.401273366666667,0
7.403064433333333,0
7.4049273,0
7.406601500000001,0
7.4082677666666665,0
7.409935783333333,0
7.4116022,0
7.413268216666666,0
7.414934883333333,0
7.4166162,0
7.41828605,0
7.419956616666667,0
7.4217166,0
7.423486866666667,0
7.42526805,0
7.426934716666667,0
7.42860045,0
7.4302847,0
7.431951383333333,0
7.43361765,0
7.435284766666667,0
7.436951383333333,0
7.438618933333333,0
7.440284683333333,0
7.441951366666666,0
7.443632933333333,0
7.44530275,0
7.446969433333334,0
7.448635466666667,0
7.450306683333333,0
7.451975916666666,0
7.453709116666667,0
7.455375383333333,0
7.4570551,0
7.458702333333334,0
7.46038755,0
7.4620558500000005,0
7.4637278,0
7.46540055,0
7.46708775,0
7.468749483333333,0
7.470404983333333,0
7.472074916666666,0
7.4737291,0
7.475645666666667,0
7.4773182,0
7.478985,0
7.48065145,0
7.482318133333333,0
7.4839849166666665,0
7.4856521,0
7.487318216666667,0
7.488984899999999,0
7.4906515833333325,0
7.4923182,0
7.49398485,0
7.4956657,0
7.497318333333333,0
7.498999583333333,0
7.50066595,0
7.502332333333333,0
7.5040015166666665,0
7.505668183333333,0
7.5073349333333335,0
7.50900165,0
7.5106682000000005,0
7.512335316666666,0
7.51400155,0
7.5156682,0
7.517334916666666,0
7.51901525,0
7.52068605,0
7.522352783333334,0
7.5240233666666665,0
7.5256901166666665,0
7.527358933333334,0
7.529068433333334,0
7.530822433333333,0
7.53257245,0
7.534334666666667,0
7.5359549999999995,0
7.537684716666666,0
7.539351433333334,0
7.5410182,0
7.542684433333333,0
7.544351383333333,0
7.5460180333333335,0
7.547685666666667,0
7.549351483333333,0
7.5510181,0
7.552682616666667,0
7.554368033333334,0
7.5560348500000005,0
7.557701466666667,0
7.559368083333334,0
7.56103485,0
7.562703283333333,0
7.56436775,0
7.5660348,0
7.56771605,0
7.56938245,0
7.571052683333334,0
7.572719533333333,0
7.574386266666666,0
7.5760568,0
7.577723483333333,0
7.579390066666666,0
7.5813682,0
7.583035416666666,0
7.584701483333333,0
7.586368733333334,0
7.5880348500000006,0
7.589701416666667,0
7.5913779833333335,0
7.59304975,0
7.594719233333333,0
7.596384716666666,0
7.59805145,0
7.599718183333334,0
7.6013847,0
7.603051399999999,0
7.604718083333334,0
7.606384866666667,0
7.6080515,0
7.60971815,0
7.611384883333333,0
7.613063933333334,0
7.614718083333334,0
7.61639965,0
7.6180655,0
7.619735366666666,0
7.6214050166666665,0
7.623069833333333,0
7.6247348666666666,0
7.6264015,0
7.62806985,0
7.6297344166666665,0
7.631401516666667,0
7.633071133333333,0
7.634755666666667,0
7.636734716666666,0
7.638401433333334,0
7.639760549999999,0
7.641734783333333,0
7.643401616666667,0
7.645068333333333,0
7.64673475,0
7.648401533333334,0
7.6500681833333335,0
7.651751516666667,0
7.653418033333333,0
7.655084266666666,0
7.65675145,0
7.658420216666666,0
7.660085516666666,0
7.661751533333334,0
7.66343025,0
7.665099166666667,0
7.666766383333333,0
7.66843605,0
7.670106633333333,0
7.671774783333333,0
7.673458683333333,0
7.6752002,0
7.6769588833333335,0
7.6786414999999995,0
7.680284516666666,0
7.682038966666666,0
7.683710566666667,0
7.685367783333333,0
7.687063683333333,0
7.688731483333334,0
7.6904513833333334,0
7.69211815,0
7.693784816666667,0
7.695451516666667,0
7.697118183333334,0
7.698784866666667,0
7.700451533333333,0
7.7021183833333335,0
7.703788966666666,0
7.705451683333334,0
7.707118183333334,0
7.7088066,0
7.710473416666667,0
7.71213995,0
7.714118350000001,0
7.7157849999999994,0
7.717451666666666,0
7.719118466666667,0
7.720784999999999,0
7.72245165,0
7.724131966666667,0
7.725796833333333,0
7.727466466666667,0
7.7291362,0
7.730806716666667,0
7.732474633333333,0
7.734134966666667,0
7.73581955,0
7.737489983333333,0
7.7392103,0
7.740951033333333,0
7.742518916666667,0
7.744468216666666,0
7.746134783333333,0
7.7478015000000005,0
7.749467833333333,0
7.751138683333333,0
7.75280155,0
7.754468333333333,0
7.756134899999999,0
7.757815783333333,0
7.759468183333333,0
7.761156583333333,0
7.7628190833333335,0
7.764484899999999,0
7.766166066666666,0
7.7678361166666665,0
7.769501849999999,0
7.7711676999999995,0
7.772834866666667,0
7.774503233333333,0
7.776172133333333,0
7.777842166666667,0
7.7795015833333325,0
7.78117995,0
7.782849383333333,0
7.784516683333333,0
7.786183133333333,0
7.787850516666667,0
7.789519516666666,0
7.791186283333333,0
7.792854416666667,0
7.79452335,0
7.79631375,0
7.797900133333333,0
7.799598866666666,0
7.801389416666667,0
7.803115266666667,0
7.804835066666667,0
7.806501783333333,0
7.808168383333333,0
7.809834866666667,0
7.811501666666667,0
7.813168333333333,0
7.8148349999999995,0
7.816501683333334,0
7.818168966666667,0
7.81985155,0
7.8215183999999995,0
7.82318505,0
7.824851783333334,0
7.826518366666667,0
7.8281939000000005,0
7.8298734166666675,0
7.831540066666666,0
7.833254133333334,0
7.834945583333333,0
7.836699,0
7.838390566666667,0
7.84001855,0
7.8417220499999996,0
7.84351825,0
7.84520155,0
7.846868133333333,0
7.848534916666666,0
7.8502016,0
7.851868266666667,0
7.8535515,0
7.85521815,0
7.856885583333334,0
7.858551533333333,0
7.860218283333333,0
7.861884933333334,0
7.863551500000001,0
7.865232466666666,0
7.866899283333333,0
7.86856645,0
7.8702361000000005,0
7.871906666666667,0
7.873574183333333,0
7.875241416666666,0
7.876906666666667,0
7.878640566666667,0
7.880331216666667,0
7.882043016666667,0
7.883722316666666,0
7.8853846,0
7.8870641,0
7.888745766666666,0
7.890551683333333,0
7.892218033333333,0
7.89388485,0
7.8955516,0
7.8972182,0
7.898884866666667,0
7.900430216666667,0
7.902234999999999,0
7.903904383333333,0
7.905568183333334,0
7.907239883333333,0
7.9089135,0
7.910583066666667,0
7.912235016666667,0
7.913918983333334,0
7.915586266666666,0
7.917253316666667,0
7.918921983333334,0
7.920589633333334,0
7.922257066666667,0
7.923927333333333,0
7.9255923,0
7.927447366666667,0
7.9290140000000005,0
7.930764249999999,0
7.932455516666667,0
7.9340621166666665,0
7.93590255,0
7.937584866666667,0
7.939251666666666,0
7.9409182000000005,0
7.9425849500000005,0
7.944251516666667,0
7.945918183333333,0
7.947584883333334,0
7.949251533333333,0
7.950933366666666,0
7.952602483333333,0
7.9542734500000005,0
7.955934416666667,0
7.957601666666666,0
7.959268183333333,0
7.960949583333333,0
7.962619333333333,0
7.9642862,0
7.965956783333334,0
7.967623416666667,0
7.9692912499999995,0
7.97116455,0
7.972623933333333,0
7.974521816666667,0
7.9759568,0
7.9779348500000005,0
7.97960155,0
7.9812682,0
7.98295625,0
7.984618350000001,0
7.9862855,0
7.987966416666667,0
7.9896361166666665,0
7.9913028666666674,0
7.992973533333333,0
7.99464005,0
7.9965763999999995,0
7.9982850333333335,0
7.9999526,0
8.001618366666667,0
8.003285100000001,0
8.00495175,0
8.006618216666666,0
8.008285033333333,0
8.009966616666667,0
8.011635133333334,0
8.013301683333333,0
8.014968383333333,0
8.016635133333333,0
8.018301833333332,0
8.01996805,0
8.021635133333334,0
8.023305616666667,0
8.024967916666666,0
8.026635083333334,0
8.028316233333333,0
8.029982266666666,0
8.031652883333333,0
8.033301816666667,0
8.034989983333332,0
8.036651766666667,0
8.038332966666667,0
8.039999266666667,0
8.041669433333334,0
8.043340133333333,0
8.0450067,0
8.046673266666668,0
8.048641033333332,0
8.050318266666666,0
8.051984966666666,0
8.05366835,0
8.055335,0
8.0570016,0
8.058668216666666,0
8.060349183333333,0
8.062019416666667,0
8.063690016666667,0
8.065356533333333,0
8.0670241,0
8.068689966666666,0
8.07037315,0
8.072042399999999,0
8.073709233333334,0
8.075369949999999,0
8.07704475,0
8.0787163,0
8.080386066666666,0
8.082052749999999,0
8.08370635,0
8.0853858,0
8.087051616666667,0
8.088718266666667,0
8.090390450000001,0
8.092051566666667,0
8.0937253,0
8.095389766666667,0
8.097057116666667,0
8.098733366666666,0
8.1004028,0
8.102069466666666,0
8.10373925,0
8.105406633333333,0
8.107073433333333,0
8.108739866666667,0
8.11041295,0
8.11208135,0
8.113741416666667,0
8.1154151,0
8.117143083333334,0
8.118741316666666,0
8.120455549999999,0
8.122181416666667,0
8.123753933333333,0
8.125518133333333,0
8.127201600000001,0
8.128758583333333,0
8.1304952,0
8.132236066666666,0
8.134068466666667,0
8.135736033333334,0
8.137401716666666,0
8.139069866666667,0
8.140738083333332,0
8.142401816666666,0
8.144068483333333,0
8.1457497,0
8.147419416666667,0
8.149086133333334,0
8.150752216666666,0
8.152420683333332,0
8.154089816666668,0
8.155751833333333,0
8.157433066666666,0
8.1591028,0
8.16076785,0
8.162437316666667,0
8.164106716666666,0
8.16605235,0
8.167751666666666,0
8.169418333333333,0
8.171086216666668,0
8.17275165,0
8.17441835,0
8.176086100000001,0
8.177751666666666,0
8.17941915,0
8.181099216666667,0
8.182768183333334,0
8.184434433333333,0
8.186102766666668,0
8.1877683,0
8.189434966666667,0
8.191102333333333,0
8.192768333333333,0
8.1944491,0
8.19611665,0
8.197786083333334,0
8.19943495,0
8.201120533333334,0
8.2027862,0
8.204456633333333,0
8.206123283333334,0
8.208101966666668,0
8.209654483333333,0
8.2114518,0
8.2131185,0
8.214785133333333,0
8.21645185,0
8.218118466666667,0
8.219785133333334,0
8.2214518,0
8.223133183333333,0
8.224801466666667,0
8.226469533333333,0
8.22813715,0
8.229806716666667,0
8.2314732,0
8.233451666666666,0
8.235118483333332,0
8.23678505,0
8.238468333333334,0
8.240135,0
8.2418017,0
8.243468366666667,0
8.245135033333334,0
8.246801666666666,0
8.248469166666666,0
8.250149733333334,0
8.251809249999999,0
8.253486066666666,0
8.2551567,0
8.257039583333333,0
8.258702983333333,0
8.260390016666667,0
8.26206195,0
8.263801683333334,0
8.265411883333334,0
8.267151666666667,0
8.268817316666667,0
8.27048485,0
8.2721506,0
8.273818283333334,0
8.275485033333334,0
8.277157416666666,0
8.278818383333334,0
8.280484883333333,0
8.2821517,0
8.283833366666666,0
8.285502816666666,0
8.287169533333334,0
8.28881895,0
8.290506633333333,0
8.2921733,0
8.293856616666666,0
8.295835,0
8.29750165,0
8.299168483333334,0
8.300835133333333,0
8.3025021,0
8.304185016666667,0
8.305851800000001,0
8.307518516666667,0
8.309185,0
8.310851666666666,0
8.3125185,0
8.314188666666666,0
8.315851816666667,0
8.317519316666667,0
8.319187783333334,0
8.320851683333334,0
8.322532866666666,0
8.324200033333334,0
8.325866733333333,0
8.32753605,0
8.329202866666668,0
8.33087065,0
8.332537333333333,0
8.334206616666666,0
8.335870783333332,0
8.337541266666667,0
8.339239233333334,0
8.340989283333334,0
8.3427394,0
8.3444897,0
8.346184966666666,0
8.34785415,0
8.34953505,0
8.351202866666666,0
8.35286835,0
8.3545362,0
8.356201716666666,0
8.3578687,0
8.359535466666667,0
8.361209733333332,0
8.362868350000001,0
8.3645435,0
8.366201116666666,0
8.3678789,0
8.369535966666666,0
8.3712153,0
8.372868283333334,0
8.374556733333334,0
8.376218416666667,0
8.377899833333332,0
8.3795663,0
8.38123615,0
8.382902933333334,0
8.384571166666667,0
8.386235233333334,0
8.3879018,0
8.389568333333333,0
8.39124925,0
8.392916583333333,0
8.394586066666667,0
8.39625285,0
8.397919550000001,0
8.399590016666666,0
8.401256733333334,0
8.402924133333332,0
8.404593433333334,0
8.4062577,0
8.407946166666667,0
8.409901816666666,0
8.4115684,0
8.413235233333333,0
8.414901766666667,0
8.416568533333333,0
8.418236783333333,0
8.419901833333332,0
8.421568483333333,0
8.423250033333334,0
8.424919383333334,0
8.426589933333334,0
8.428257933333335,0
8.429971383333333,0
8.431613983333333,0
8.43358515,0
8.435251733333333,0
8.436918366666667,0
8.438585083333333,0
8.4402556,0
8.441918283333333,0
8.443585083333334,0
8.4452663,0
8.446933916666666,0
8.448602833333332,0
8.450273366666666,0
8.451940816666667,0
8.4536068,0
8.4553039,0
8.456944266666667,0
8.458643633333333,0
8.460309166666667,0
8.461982316666667,0
8.46362375,0
8.465330666666667,0
8.46704415,0
8.468699766666667,0
8.470376816666667,0
8.472035716666666,0
8.473731133333334,0
8.4754173,0
8.47708285,0
8.478751366666666,0
8.480395566666667,0
8.48208605,0
8.4839353,0
8.485601933333333,0
8.487301816666667,0
8.488968533333333,0
8.490635300000001,0
8.492318616666667,0
8.493985133333334,0
8.495651816666667,0
8.497318550000001,0
8.498985233333334,0
8.500651816666666,0
8.502318483333333,0
8.504001816666667,0
8.5056685,0
8.50733515,0
8.50900195,0
8.510668483333333,0
8.512335283333334,0
8.514016233333333,0
8.515683366666666,0
8.517353866666667,0
8.519002183333333,0
8.520685183333333,0
8.522351816666667,0
8.524035383333334,0
8.525701816666666,0
8.527368633333333,0
8.529035216666667,0
8.530701833333334,0
8.5323862,0
8.534056666666666,0
8.535724633333333,0
8.537385133333334,0
8.539066116666667,0
8.540733366666666,0
8.54238515,0
8.544073266666667,0
8.54574,0
8.5474077,0
8.5490733,0
8.551051633333334,0
8.5527183,0
8.554385933333334,0
8.556051783333334,0
8.557718416666667,0
8.559384999999999,0
8.5610661,0
8.562735983333333,0
8.564402733333333,0
8.566069533333334,0
8.5677356,0
8.569401749999999,0
8.571068433333334,0
8.57273515,0
8.5744018,0
8.576068483333334,0
8.577749516666668,0
8.579416933333333,0
8.581086083333332,0
8.582756583333333,0
8.584423266666667,0
8.586084183333332,0
8.587751716666666,0
8.58941845,0
8.591100033333333,0
8.5927667,0
8.59443995,0
8.5961068,0
8.597774616666667,0
8.599443216666666,0
8.601106683333333,0
8.60277325,0
8.604488100000001,0
8.60634665,0
8.60789085,0
8.6097202,0
8.611390566666667,0
8.613085166666666,0
8.614751966666667,0
8.6164184,0
8.61808515,0
8.619761733333334,0
8.621428533333333,0
8.623101866666667,0
8.624768566666667,0
8.6264353,0
8.628101966666668,0
8.629768383333333,0
8.631435100000001,0
8.633101883333334,0
8.63476895,0
8.636445066666667,0
8.638101983333334,0
8.639782966666667,0
8.641452783333333,0
8.6431206,0
8.644787333333333,0
8.646457633333332,0
8.648262383333334,0
8.649812383333334,0
8.65159545,0
8.653279083333333,0
8.655020583333332,0
8.656768483333334,0
8.658435833333334,0
8.660101733333333,0
8.661768466666667,0
8.663451683333333,0
8.665118533333334,0
8.666785116666667,0
8.668451816666666,0
8.67013515,0
8.671801733333334,0
8.673468483333334,0
8.6751352,0
8.676801833333332,0
8.6784828,0
8.680150133333333,0
8.681820483333333,0
8.68348675,0
8.685309983333333,0
8.687042,0
8.688705666666667,0
8.690395816666667,0
8.692062933333334,0
8.693728183333333,0
8.695414166666666,0
8.69713515,0
8.698801683333334,0
8.70046845,0
8.70213565,0
8.7038018,0
8.705473566666667,0
8.707135183333333,0
8.708801816666666,0
8.710483366666667,0
8.712152866666667,0
8.7138199,0
8.715490016666667,0
8.717157916666666,0
8.718819066666667,0
8.720485166666666,0
8.722173366666667,0
8.723840116666667,0
8.725506683333334,0
8.7271734,0
8.72884005,0
8.730515466666667,0
8.732173416666667,0
8.73383995,0
8.735506616666667,0
8.737314416666667,0
8.739015083333333,0
8.740776216666665,0
8.74232625,0
8.744151833333333,0
8.745820383333333,0
8.74750195,0
8.749168583333333,0
8.75083525,0
8.752501,0
8.754168633333334,0
8.755836233333333,0
8.757501916666666,0
8.7591685,0
8.76085015,0
8.762519366666666,0
8.764186183333333,0
8.765854166666667,0
8.767520083333332,0
8.769190083333333,0
8.771114899999999,0
8.772677700000001,0
8.774505433333333,0
8.77617815,0
8.777845066666668,0
8.779518466666667,0
8.781186,0
8.782851766666667,0
8.784518416666666,0
8.786188016666665,0
8.787854016666667,0
8.7895185,0
8.791186033333334,0
8.792855483333334,0
8.794528033333334,0
8.7961851,0
8.797862199999999,0
8.799529866666667,0
8.801200783333334,0
8.802748900000001,0
8.8045352,0
8.806201716666667,0
8.807869583333334,0
8.809534916666665,0
8.811202933333332,0
8.812868533333333,0
8.814537233333334,0
8.816201933333334,0
8.81787065,0
8.819535116666666,0
8.821201866666666,0
8.82286845,0
8.824549466666667,0
8.826216316666667,0
8.827886216666666,0
8.829551816666667,0
8.831218566666665,0
8.832885066666668,0
8.83455185,0
8.836219433333333,0
8.837885266666667,0
8.839551783333333,0
8.841233266666668,0
8.842885233333332,0
8.8445734,0
8.846344766666666,0
8.8479177,0
8.849633783333333,0
8.851415516666666,0
8.8531167,0
8.854883449999999,0
8.856568633333334,0
8.858235366666666,0
8.859901966666667,0
8.86157255,0
8.863235266666667,0
8.864901966666666,0
8.866568516666668,0
8.868249833333333,0
8.8699172,0
8.871584733333334,0
8.8732542,0
8.874921066666666,0
8.876586283333333,0
8.8782567,0
8.8799188,0
8.881589983333333,0
8.883284883333333,0
8.884935483333333,0
8.886602333333334,0
8.888410216666667,0
8.8902018,0
8.891974233333334,0
8.893312383333333,0
8.8953743,0
8.897061633333333,0
8.898729916666667,0
8.90039345,0
8.902108816666667,0
8.903734116666667,0
8.905415933333334,0
8.9071205,0
8.908919816666668,0
8.910414600000001,0
8.912591449999999,0
8.913733366666666,0
8.91542175,0
8.917089800000001,0
8.919238033333334,0
8.921147466666667,0
8.922083516666667,0

