time(ms), time(min), bat 1 current, bat 1 voltage, bat 2 current, bat 2 voltage, bat 1 soc, bat 2 soc, bat 1 soh, bat 2 soh, bat 1 min cell temp, bat 2 min cell temp, bat 1 max cell temp, bat 2 max cell temp, bat 1 avg cell temp, bat 2 avg cell temp, bat 1 cell 1 temp, bat 1 cell 2 temp, bat 1 cell 3 temp, bat 1 cell 4 temp, bat 1 cell 5 temp, bat 1 cell 6 temp, bat 1 cell 7 temp, bat 1 cell 8 temp, bat 1 cell 9 temp, bat 1 cell 10 temp, bat 1 cell 11 temp, bat 1 cell 12 temp, bat 1 cell 13 temp, bat 1 cell 14 temp, bat 1 cell 15 temp, bat 1 cell 16 temp, bat 2 cell 1 temp, bat 2 cell 2 temp, bat 2 cell 3 temp, bat 2 cell 4 temp, bat 2 cell 5 temp, bat 2 cell 6 temp, bat 2 cell 7 temp, bat 2 cell 8 temp, bat 2 cell 9 temp, bat 2 cell 10 temp, bat 2 cell 11 temp, bat 2 cell 12 temp, bat 2 cell 13 temp, bat 2 cell 14 temp, bat 2 cell 15 temp, bat 2 cell 16 temp, bat 1 min cell volt, bat 2 min cell volt, bat 1 max cell volt, bat 2 max cell volt, inverter operating time, requested torque, motor rpm, motor power, motor temp, IAS, stall_pressure_diff_raw, stall_warn_active, stall_calibrated_value, inverter temp, bat 1 cooling temp, inverter cooling temp 1, inverter cooling temp 2, remaining flight time, PRESSURE_ALT, LAT, LNG, GROUND_SPEED, ACC_LONG, ACC_LAT, ACC_NORM, PITCH, ROLL, TIMESTAMP, HEADING, STALL_DIFF_PRESSURE, QNG, OAT, ISO leakage current
2326.27, 0, 0, 0, 0, 0, 0, 0, 0, 0, 0, 0, 0, 0, 0, 0, 0, 0, 0, 0, 0, 0, 0, 0, 0, 0, 0, 0, 0, 0, 0, 0, 0, 0, 0, 0, 0, 0, 0, 0, 0, 0, 0, 0, 0, 0, 0, 0, 0, 0, 0, 0, 0, 0, 0, 0, 0, 0, 0, 0, 0, 0, 0, 0, 0, 0, 0, 0, 0, 0, 0, 0, 0, 0, 0, 0, 0, 0, 0, 0, 0
2431.422, 0.040336849999999994, 0, 0, 0.0, 398.0, 0, 100, 0, 100, 0, 0, 0, 0, 0, 0, 0, 0, 0, 0, 0, 0, 0, 0, 0, 0, 0, 0, 0, 0, 0, 0, 0, 0, 0, 0, 0, 0, 0, 0, 0, 0, 0, 0, 0, 0, 0, 0, 0, 4148.5, 0, 4158.4, 0, 0, 0, 0, 0, 0, 0, 0, 0, 0, 0, 0, 0, 0, 0, 0, 0, 0, 0, 0, 0, 0, 0, 0, 0, 0, 0, 0, 0
2545.574, 0.0419991, 0, 0, 0.0, 398.0, 0, 100, 0, 100, 0, 17, 0, 18, 0, 17, 0, 0, 0, 0, 0, 0, 0, 0, 0, 0, 0, 0, 0, 0, 0, 0, 18, 18, 18, 18, 18, 17, 18, 17, 17, 17, 17, 17, 17, 17, 17, 17, 0, 4148.5, 0, 4158.4, 0, 0, 0, 0, 0, 0, 0, 0, 0, 0, 22, 25, 21, 0, 0, 0, 0, 0, 0, 0, 0, 0, 0, 0, 0, 0, 0, 0, 0
2645.688, 0.04366648333333333, 0, 0, 0.0, 398.0, 0, 100, 0, 100, 0, 17, 0, 18, 0, 17, 0, 0, 0, 0, 0, 0, 0, 0, 0, 0, 0, 0, 0, 0, 0, 0, 18, 18, 18, 18, 18, 17, 18, 17, 17, 17, 17, 17, 17, 17, 17, 17, 0, 4148.4, 0, 4158.4, 0, 0, 0, 0, 0, 0, 0, 0, 0, 0, 22, 25, 21, 0, 0, 0, 0, 0, 0, 0, 0, 0, 0, 0, 0, 0, 0, 0, 0
2745.692, 0.04544343333333334, 0, 0, 0.0, 398.0, 0, 100, 0, 100, 0, 17, 0, 18, 0, 17, 0, 0, 0, 0, 0, 0, 0, 0, 0, 0, 0, 0, 0, 0, 0, 0, 18, 18, 18, 18, 18, 17, 18, 17, 17, 17, 17, 17, 17, 17, 17, 17, 0, 4148.4, 0, 4158.4, 0, 0, 0, 0, 0, 0, 0, 0, 0, 0, 22, 25, 21, 0, 0, 0, 0, 0, 0, 0, 0, 0, 0, 0, 0, 0, 0, 0, 0
2845.715, 0.04700376666666667, 0, 0, 0.0, 398.0, 0, 100, 0, 100, 0, 17, 0, 18, 0, 17, 0, 0, 0, 0, 0, 0, 0, 0, 0, 0, 0, 0, 0, 0, 0, 0, 18, 18, 18, 18, 18, 17, 18, 17, 17, 17, 17, 17, 17, 17, 17, 17, 0, 4148.4, 0, 4158.4, 0, 0, 0, 0, 0, 0, 0, 0, 0, 0, 22, 25, 21, 0, 0, 0, 0, 0, 0, 0, 0, 0, 0, 0, 0, 0, 0, 0, 0
2945.717, 0.048668333333333334, 0, 0, 0.0, 398.0, 0, 100, 0, 100, 0, 17, 0, 18, 0, 17, 0, 0, 0, 0, 0, 0, 0, 0, 0, 0, 0, 0, 0, 0, 0, 0, 18, 18, 18, 18, 18, 17, 18, 17, 17, 17, 17, 17, 17, 17, 17, 17, 0, 4148.4, 0, 4158.4, 0, 0, 0, 0, 0, 0, 0, 0, 0, 0, 22, 25, 21, 0, 0, 0, 0, 0, 0, 0, 0, 0, 0, 0, 0, 0, 0, 0, 0
3045.77, 0.050451333333333334, 0, 0, 0.0, 398.0, 0, 100, 0, 100, 0, 17, 0, 18, 0, 17, 0, 0, 0, 0, 0, 0, 0, 0, 0, 0, 0, 0, 0, 0, 0, 0, 18, 18, 18, 18, 18, 17, 18, 17, 17, 17, 17, 17, 17, 17, 17, 17, 0, 4148.5, 0, 4158.4, 0, 0, 0, 0, 0, 0, 0, 0, 0, 0, 22, 25, 21, 0, 0, 0, 0, 0, 0, 0, 0, 0, 0, 0, 0, 0, 0, 0, 0
3165.563, 0.05200133333333333, 0, 0, 0.0, 398.0, 0, 100, 0, 100, 0, 17, 0, 18, 0, 17, 0, 0, 0, 0, 0, 0, 0, 0, 0, 0, 0, 0, 0, 0, 0, 0, 18, 18, 18, 18, 18, 17, 18, 17, 17, 17, 17, 17, 17, 17, 17, 17, 0, 4148.5, 0, 4158.4, 0, 0, 0, 0, 0, 0, 0, 0, 0, 0, 22, 25, 21, 0, 0, 0, 0, 0, 0, 0, 0, 0, 0, 0, 0, 0, 0, 0, 0
3265.679, 0.053672783333333335, 0, 0, 0.0, 398.0, 0, 100, 0, 100, 0, 17, 0, 18, 0, 17, 0, 0, 0, 0, 0, 0, 0, 0, 0, 0, 0, 0, 0, 0, 0, 0, 18, 18, 18, 18, 18, 17, 18, 17, 17, 17, 17, 17, 17, 17, 17, 17, 0, 4148.5, 0, 4158.4, 0, 0, 0, 0, 0, 0, 0, 0, 0, 0, 22, 25, 21, 0, 0, 0, 0, 0, 0, 0, 0, 0, 0, 0, 0, 0, 0, 0, 0
3365.706, 0.0553397, 0, 0, 0.0, 398.0, 0, 100, 0, 100, 0, 17, 0, 18, 0, 17, 0, 0, 0, 0, 0, 0, 0, 0, 0, 0, 0, 0, 0, 0, 0, 0, 18, 18, 18, 18, 18, 17, 18, 17, 17, 17, 17, 17, 17, 17, 17, 17, 0, 4148.5, 0, 4158.4, 0, 0, 0, 0, 0, 0, 0, 0, 0, 0, 22, 25, 21, 0, 0, 0, 0, 0, 0, 0, 0, 0, 0, 0, 0, 0, 0, 0, 1
3465.712, 0.0570036, 0, 0, 0.0, 398.0, 0, 100, 0, 100, 0, 17, 0, 18, 0, 17, 0, 0, 0, 0, 0, 0, 0, 0, 0, 0, 0, 0, 0, 0, 0, 0, 18, 18, 18, 18, 18, 17, 18, 17, 17, 17, 17, 17, 17, 17, 17, 17, 0, 4148.4, 0, 4158.5, 0, 0, 0, 0, 0, 0, 0, 0, 0, 0, 22, 25, 21, 0, 0, 0, 0, 0, 0, 0, 0, 0, 0, 0, 0, 0, 0, 0, 1
3580.863, 0.058669316666666665, 0, 0, 0.0, 398.0, 0, 100, 0, 100, 0, 17, 0, 18, 0, 17, 0, 0, 0, 0, 0, 0, 0, 0, 0, 0, 0, 0, 0, 0, 0, 0, 18, 18, 18, 18, 18, 17, 18, 17, 17, 17, 17, 17, 17, 17, 17, 17, 0, 4148.4, 0, 4158.5, 0, 0, 0, 0, 0, 0, 0, 0, 0, 0, 22, 25, 21, 0, 0, 0, 0, 0, 0, 0, 0, 0, 0, 0, 0, 0, 0, 0, 1
3681.089, 0.06132898333333334, 0, 0, 0.0, 398.0, 0, 100, 0, 100, 0, 17, 0, 18, 0, 17, 0, 0, 0, 0, 0, 0, 0, 0, 0, 0, 0, 0, 0, 0, 0, 0, 18, 18, 18, 18, 18, 17, 18, 17, 17, 17, 17, 17, 17, 17, 17, 17, 0, 4148.5, 0, 4158.4, 0, 0, 0, 0, 0, 0, 0, 0, 0, 0, 22, 24, 21, 0, 0, 0, 0, 0, 0, 0, 0, 0, 0, 0, 0, 0, 0, 0, 1
3781.318, 0.06200668333333333, 0, 0, 0.0, 398.0, 0, 100, 0, 100, 0, 17, 0, 18, 0, 17, 0, 0, 0, 0, 0, 0, 0, 0, 0, 0, 0, 0, 0, 0, 0, 0, 18, 18, 18, 18, 18, 17, 18, 17, 17, 17, 17, 17, 17, 17, 17, 17, 0, 4148.5, 0, 4158.4, 0, 0, 0, 0, 0, 0, 0, 0, 0, 0, 22, 24, 21, 0, 0, 0, 0, 0, 0, 0, 0, 0, 0, 0, 0, 0, 0, 0, 1
3885.575, 0.06466456666666666, 0, 0, 0.0, 398.0, 0, 100, 0, 100, 0, 17, 0, 18, 0, 17, 0, 0, 0, 0, 0, 0, 0, 0, 0, 0, 0, 0, 0, 0, 0, 0, 18, 18, 18, 18, 18, 17, 18, 17, 17, 17, 17, 17, 17, 17, 17, 17, 0, 4148.5, 0, 4158.4, 0, 0, 0, 0, 0, 0, 0, 0, 0, 0, 22, 25, 21, 0, 0, 0, 0, 0, 0, 0, 0, 0, 0, 0, 0, 0, 0, 0, 1
3985.578, 0.06533563333333334, 0, 0, 0.0, 398.0, 0, 100, 0, 100, 0, 17, 0, 18, 0, 17, 0, 0, 0, 0, 0, 0, 0, 0, 0, 0, 0, 0, 0, 0, 0, 0, 18, 18, 18, 18, 18, 17, 18, 17, 17, 17, 17, 17, 17, 17, 17, 17, 0, 4148.5, 0, 4158.4, 0, 0, 0, 0, 0, 0, 0, 0, 0, 0, 22, 25, 21, 0, 0, 0, 0, 0, 0, 0, 0, 0, 0, 0, 0, 0, 0, 0, 1
4086.577, 0.06800943333333333, 0, 0, 0.0, 398.0, 0, 100, 0, 100, 0, 17, 0, 18, 0, 17, 0, 0, 0, 0, 0, 0, 0, 0, 0, 0, 0, 0, 0, 0, 0, 0, 18, 18, 18, 18, 18, 17, 18, 17, 17, 17, 17, 17, 17, 17, 17, 17, 0, 4148.4, 0, 4158.4, 0, 0, 0, 0, 0, 0, 0, 0, 0, 0, 22, 25, 21, 0, 0, 0, 0, 0, 0, 0, 0, 0, 0, 0, 0, 0, 0, 0, 1
4186.693, 0.06868553333333333, 0, 0, 0.0, 398.0, 0, 100, 0, 100, 0, 17, 0, 18, 0, 17, 0, 0, 0, 0, 0, 0, 0, 0, 0, 0, 0, 0, 0, 0, 0, 0, 18, 18, 18, 18, 18, 17, 18, 17, 17, 17, 17, 17, 17, 17, 17, 17, 0, 4148.4, 0, 4158.4, 0, 0, 0, 0, 0, 0, 0, 0, 0, 0, 22, 25, 21, 0, 0, 0, 0, 0, 0, 0, 0, 0, 0, 0, 0, 0, 0, 0, 1
4286.717, 0.07133355, 0, 0, 0.0, 398.0, 0, 100, 0, 100, 0, 17, 0, 18, 0, 17, 0, 0, 0, 0, 0, 0, 0, 0, 0, 0, 0, 0, 0, 0, 0, 0, 18, 18, 18, 18, 18, 17, 18, 17, 17, 17, 17, 17, 17, 17, 17, 17, 0, 4148.4, 0, 4158.4, 0, 0, 0, 0, 0, 0, 0, 0, 0, 0, 22, 25, 21, 0, 0, 0, 0, 0, 0, 0, 0, 0, 0, 0, 0, 0, 0, 0, 1
4386.724, 0.0720238, 0, 0, 0.0, 398.0, 0, 100, 0, 100, 0, 17, 0, 18, 0, 17, 0, 0, 0, 0, 0, 0, 0, 0, 0, 0, 0, 0, 0, 0, 0, 0, 18, 18, 18, 18, 18, 17, 18, 17, 17, 17, 17, 17, 17, 17, 17, 17, 0, 4148.4, 0, 4158.4, 0, 0, 0, 0, 0, 0, 0, 0, 0, 0, 22, 25, 21, 0, 0, 0, 0, 0, 0, 0, 0, 0, 0, 0, 0, 0, 0, 0, 1
4486.775, 0.0746625, 0, 0, 0.0, 398.0, 0, 100, 0, 100, 0, 17, 0, 18, 0, 17, 0, 0, 0, 0, 0, 0, 0, 0, 0, 0, 0, 0, 0, 0, 0, 0, 18, 18, 18, 18, 18, 17, 18, 17, 17, 17, 17, 17, 17, 17, 17, 17, 0, 4148.5, 0, 4158.5, 0, 0, 0, 0, 0, 0, 0, 0, 0, 0, 22, 24, 21, 0, 0, 0, 0, 0, 0, 0, 0, 0, 0, 0, 0, 0, 0, 0, 1
4607.388, 0.07535556666666667, 0, 0, 0.0, 398.0, 0, 100, 0, 100, 0, 17, 0, 18, 0, 17, 0, 0, 0, 0, 0, 0, 0, 0, 0, 0, 0, 0, 0, 0, 0, 0, 18, 18, 18, 18, 18, 17, 18, 17, 17, 17, 17, 17, 17, 17, 17, 17, 0, 4148.5, 0, 4158.5, 0, 0, 0, 0, 0, 0, 0, 0, 0, 0, 22, 24, 21, 0, 0, 0, 0, 0, 0, 0, 0, 0, 0, 0, 0, 0, 0, 0, 1
4721.434, 0.07869056666666667, 0, 0, 0.0, 398.0, 0, 100, 0, 100, 0, 17, 0, 18, 0, 17, 0, 0, 0, 0, 0, 0, 0, 0, 0, 0, 0, 0, 0, 0, 0, 0, 18, 18, 18, 18, 18, 17, 18, 17, 17, 17, 17, 17, 17, 17, 17, 17, 0, 4148.4, 0, 4158.5, 0, 0, 0, 0, 0, 0, 0, 0, 0, 0, 22, 25, 21, 0, 0, 0, 0, 0, 0, 0, 0, 0, 0, 0, 0, 0, 0, 0, 1
4826.568, 0.08034854999999999, 0, 0, 0.0, 398.0, 0, 100, 0, 100, 0, 17, 0, 18, 0, 17, 0, 0, 0, 0, 0, 0, 0, 0, 0, 0, 0, 0, 0, 0, 0, 0, 18, 18, 18, 18, 18, 17, 18, 17, 17, 17, 17, 17, 17, 17, 17, 17, 0, 4148.4, 0, 4158.5, 0, 0, 0, 0, 0, 0, 0, 0, 0, 0, 22, 25, 21, 0, 0, 0, 0, 0, 0, 0, 0, 0, 0, 0, 0, 0, 0, 0, 1
4926.689, 0.08201956666666667, 0, 0, 0.0, 398.0, 0, 100, 0, 100, 0, 17, 0, 18, 0, 17, 0, 0, 0, 0, 0, 0, 0, 0, 0, 0, 0, 0, 0, 0, 0, 0, 18, 18, 18, 18, 18, 17, 18, 17, 17, 17, 17, 17, 17, 17, 17, 17, 0, 4148.4, 0, 4158.5, 0, 0, 0, 0, 0, 0, 0, 0, 0, 0, 22, 25, 21, 0, 0, 0, 0, 0, 0, 0, 0, 0, 0, 0, 0, 0, 0, 0, 1
5026.846, 0.08201956666666667, 0, 0, 0.0, 398.0, 0, 100, 0, 100, 0, 17, 0, 18, 0, 17, 0, 0, 0, 0, 0, 0, 0, 0, 0, 0, 0, 0, 0, 0, 0, 0, 18, 18, 18, 18, 18, 17, 18, 17, 17, 17, 17, 17, 17, 17, 17, 17, 0, 4148.4, 0, 4158.5, 0, 0, 0, 0, 0, 0, 0, 0, 0, 0, 22, 25, 21, 0, 0, 0, 0, 0, 0, 0, 0, 0, 0, 0, 0, 0, 0, 0, 1
5126.957, 0.08544928333333333, 0, 0, 0.0, 398.0, 0, 100, 0, 100, 0, 17, 0, 18, 0, 17, 0, 0, 0, 0, 0, 0, 0, 0, 0, 0, 0, 0, 0, 0, 0, 0, 18, 18, 18, 18, 18, 17, 18, 17, 17, 17, 17, 17, 17, 17, 17, 17, 0, 4148.4, 0, 4158.4, 0, 0, 0, 0, 0, 0, 0, 0, 0, 0, 22, 25, 21, 0, 0, 0, 0, 0, 0, 0, 0, 0, 0, 0, 0, 0, 0, 0, 1
5231.473, 0.08702006666666666, 0, 0, 0.0, 398.0, 0, 100, 0, 100, 0, 17, 0, 18, 0, 17, 0, 0, 0, 0, 0, 0, 0, 0, 0, 0, 0, 0, 0, 0, 0, 0, 18, 18, 18, 18, 18, 17, 18, 17, 17, 17, 17, 17, 17, 17, 17, 17, 0, 4148.5, 0, 4158.4, 0, 0, 0, 0, 0, 0, 0, 0, 0, 0, 22, 24, 21, 0, 0, 0, 0, 0, 0, 0, 0, 0, 0, 0, 0, 0, 0, 0, 1
5346.579, 0.08868376666666666, 0, 0, 0.0, 398.0, 0, 100, 0, 100, 0, 17, 0, 18, 0, 17, 0, 0, 0, 0, 0, 0, 0, 0, 0, 0, 0, 0, 0, 0, 0, 0, 18, 18, 18, 18, 18, 17, 18, 17, 17, 17, 17, 17, 17, 17, 17, 17, 0, 4148.5, 0, 4158.4, 0, 0, 0, 0, 0, 0, 0, 0, 0, 0, 22, 24, 21, 0, 0, 0, 0, 0, 0, 0, 0, 0, 0, 0, 0, 0, 0, 0, 1
5446.582, 0.09035581666666667, 0, 0, 0.0, 398.0, 0, 100, 0, 100, 0, 17, 0, 18, 0, 17, 0, 0, 0, 0, 0, 0, 0, 0, 0, 0, 0, 0, 0, 0, 0, 0, 18, 18, 18, 18, 18, 17, 18, 17, 17, 17, 17, 17, 17, 17, 17, 17, 0, 4148.4, 0, 4158.4, 0, 0, 0, 0, 0, 0, 0, 0, 0, 0, 22, 24, 21, 0, 0, 0, 0, 0, 0, 0, 0, 0, 0, 0, 0, 0, 0, 0, 1
5546.695, 0.09202881666666667, 0, 0, 0.0, 398.0, 0, 100, 0, 100, 0, 17, 0, 18, 0, 17, 0, 0, 0, 0, 0, 0, 0, 0, 0, 0, 0, 0, 0, 0, 0, 0, 18, 18, 18, 18, 18, 17, 18, 17, 18, 17, 17, 17, 17, 17, 17, 17, 0, 4148.4, 0, 4158.4, 0, 0, 0, 0, 0, 0, 0, 0, 0, 0, 22, 24, 21, 0, 0, 0, 0, 0, 0, 0, 0, 0, 0, 0, 0, 0, 0, 0, 1
5646.7, 0.09368775, 0, 0, 0.0, 398.0, 0, 100, 0, 100, 0, 17, 0, 18, 0, 17, 0, 0, 0, 0, 0, 0, 0, 0, 0, 0, 0, 0, 0, 0, 0, 0, 18, 18, 18, 18, 18, 17, 18, 17, 18, 17, 17, 17, 17, 17, 17, 17, 0, 4148.4, 0, 4158.4, 0, 0, 0, 0, 0, 0, 0, 0, 0, 0, 22, 24, 21, 0, 0, 0, 0, 0, 0, 0, 0, 0, 0, 0, 0, 0, 0, 0, 1
5746.727, 0.09535323333333334, 0, 0, 0.0, 398.0, 0, 100, 0, 100, 0, 17, 0, 18, 0, 17, 0, 0, 0, 0, 0, 0, 0, 0, 0, 0, 0, 0, 0, 0, 0, 0, 18, 18, 18, 18, 18, 17, 18, 17, 18, 17, 17, 17, 17, 17, 17, 17, 0, 4148.4, 0, 4158.4, 0, 0, 0, 0, 0, 0, 0, 0, 0, 0, 22, 24, 21, 0, 0, 0, 0, 0, 0, 0, 0, 0, 0, 0, 0, 0, 0, 0, 1
5866.573, 0.09701641666666666, 0, 0, 0.0, 398.0, 0, 100, 0, 100, 0, 17, 0, 18, 0, 17, 0, 0, 0, 0, 0, 0, 0, 0, 0, 0, 0, 0, 0, 0, 0, 0, 18, 18, 18, 18, 18, 17, 18, 17, 18, 17, 17, 17, 17, 17, 17, 17, 0, 4148.4, 0, 4158.4, 0, 0, 0, 0, 0, 0, 0, 0, 0, 0, 22, 24, 21, 0, 0, 0, 0, 0, 0, 0, 0, 0, 0, 0, 0, 0, 0, 0, 1
5966.689, 0.09868781666666666, 0, 0, 0.0, 398.0, 0, 100, 0, 100, 0, 17, 0, 18, 0, 17, 0, 0, 0, 0, 0, 0, 0, 0, 0, 0, 0, 0, 0, 0, 0, 0, 18, 18, 18, 18, 18, 17, 18, 17, 18, 17, 17, 17, 17, 17, 17, 17, 0, 4148.4, 0, 4158.4, 0, 0, 0, 0, 0, 0, 0, 0, 0, 0, 22, 24, 21, 0, 0, 0, 0, 0, 0, 0, 0, 0, 0, 0, 0, 0, 0, 0, 1
6066.692, 0.10085258333333333, 0, 0, 0.0, 398.0, 0, 100, 0, 100, 0, 17, 0, 18, 0, 17, 0, 0, 0, 0, 0, 0, 0, 0, 0, 0, 0, 0, 0, 0, 0, 0, 18, 18, 18, 18, 18, 17, 18, 17, 18, 17, 17, 17, 17, 17, 17, 17, 0, 4148.4, 0, 4158.4, 0, 0, 0, 0, 0, 0, 0, 0, 0, 0, 22, 24, 21, 0, 0, 0, 0, 0, 0, 0, 0, 0, 0, 0, 0, 0, 0, 0, 1
6166.722, 0.1020224, 0, 0, 0.0, 398.0, 0, 100, 0, 100, 0, 17, 0, 18, 0, 17, 0, 0, 0, 0, 0, 0, 0, 0, 0, 0, 0, 0, 0, 0, 0, 0, 18, 18, 18, 18, 18, 17, 18, 17, 18, 17, 17, 17, 17, 17, 17, 17, 0, 4148.4, 0, 4158.4, 0, 0, 0, 0, 0, 0, 0, 0, 0, 0, 22, 24, 21, 0, 0, 0, 0, 0, 0, 0, 0, 0, 0, 0, 0, 0, 0, 0, 1
6278.102, 0.10463503333333334, 0, 0, 0.0, 398.0, 0, 100, 0, 100, 0, 17, 0, 18, 0, 17, 0, 0, 0, 0, 0, 0, 0, 0, 0, 0, 0, 0, 0, 0, 0, 0, 18, 18, 18, 18, 18, 17, 18, 17, 18, 17, 17, 17, 17, 17, 17, 17, 0, 4148.4, 0, 4158.4, 0, 0, 0, 0, 0, 0, 0, 0, 0, 0, 22, 24, 21, 0, 0, 0, 0, 0, 0, 0, 0, 0, 0, 0, 0, 0, 0, 0, 1
6380.974, 0.10535035, 0, 0, 0.0, 398.0, 0, 100, 0, 100, 0, 17, 0, 18, 0, 17, 0, 0, 0, 0, 0, 0, 0, 0, 0, 0, 0, 0, 0, 0, 0, 0, 18, 18, 18, 18, 18, 17, 18, 17, 18, 17, 17, 17, 17, 17, 17, 17, 0, 4148.4, 0, 4158.4, 0, 0, 0, 0, 0, 0, -0.05891518554687991, 0, 0, 0, 22, 24, 21, 0, 0, 0, 0, 0, 0, 0, 0, 0, 0, 0, 0, 0, 0, 0, 1
6481.21, 0.10799791666666667, 0, 0, 0.0, 398.0, 0, 100, 0, 100, 0, 17, 0, 18, 0, 17, 0, 0, 0, 0, 0, 0, 0, 0, 0, 0, 0, 0, 0, 0, 0, 0, 18, 18, 18, 18, 18, 17, 18, 17, 18, 17, 17, 17, 17, 17, 17, 17, 0, 4148.4, 0, 4158.4, 0, 0, 0, 0, 0, 0, -0.05891518554687991, 0, 0, 0, 22, 24, 21, 0, 0, 0, 0, 0, 0, 0, 0, 0, 0, 0, 0, 0, 0, 0, 1
6581.44, 0.10919206666666667, 0, 0, 0.0, 398.0, 0, 100, 0, 100, 0, 17, 0, 18, 0, 17, 0, 0, 0, 0, 0, 0, 0, 0, 0, 0, 0, 0, 0, 0, 0, 0, 18, 18, 18, 18, 18, 17, 18, 17, 18, 17, 17, 17, 17, 17, 17, 17, 0, 4148.4, 0, 4158.4, 0, 0, 0, 0, 0, 0, -0.05891518554687991, 0, 0, 0, 22, 24, 21, 0, 0, 0, 0, 0, 0, 0, 0, 0, 0, 0, 0, 0, 0, 0, 1
6686.588, 0.11132748333333334, 0, 0, 0.0, 398.0, 0, 100, 0, 100, 0, 17, 0, 18, 0, 17, 0, 0, 0, 0, 0, 0, 0, 0, 0, 0, 0, 0, 0, 0, 0, 0, 18, 18, 18, 18, 18, 17, 18, 17, 18, 17, 17, 17, 17, 17, 17, 17, 0, 4148.5, 0, 4158.5, 0, 0, 0, 0, 0, 0, -0.05891518554687991, 0, 0, 0, 22, 24, 21, 0, 0, 0, 0, 0, 0, 0, 0, 0, 0, 0, 0, 0, 0, 0, 1
6786.59, 0.11201715000000001, 0, 0, 0.0, 398.0, 0, 100, 0, 100, 0, 17, 0, 18, 0, 17, 0, 0, 0, 0, 0, 0, 0, 0, 0, 0, 0, 0, 0, 0, 0, 0, 18, 18, 18, 18, 18, 17, 18, 17, 18, 17, 17, 17, 17, 17, 17, 17, 0, 4148.5, 0, 4158.5, 0, 0, 0, 0, 0, 0, -0.05891518554687991, 0, 0, 0, 22, 24, 21, 0, 0, 0, 0, 0, 0, 0, 0, 0, 0, 0, 0, 0, 0, 0, 1
6886.657, 0.11466083333333332, 0, 0, 0.0, 398.0, 0, 100, 0, 100, 0, 17, 0, 18, 0, 17, 0, 0, 0, 0, 0, 0, 0, 0, 0, 0, 0, 0, 0, 0, 0, 0, 18, 18, 18, 18, 18, 17, 18, 17, 18, 17, 17, 17, 17, 17, 17, 17, 0, 4148.4, 0, 4158.4, 0, 0, 0, 0, 0, 0, -0.05891518554687991, 0, 0, 0, 22, 24, 21, 0, 0, 0, 0, 0, 0, 0, 0, 0, 0, 0, 0, 0, 0, 0, 1
6986.679, 0.11535411666666667, 0, 0, 0.0, 398.0, 0, 100, 0, 100, 0, 17, 0, 18, 0, 17, 0, 0, 0, 0, 0, 0, 0, 0, 0, 0, 0, 0, 0, 0, 0, 0, 18, 18, 18, 18, 18, 17, 18, 17, 18, 17, 17, 17, 17, 17, 17, 17, 0, 4148.4, 0, 4158.4, 0, 0, 0, 0, 0, 0, -0.05891518554687991, 0, 0, 0, 22, 24, 21, 0, 0, 0, 0, 0, 0, 0, 0, 0, 0, 0, 0, 0, 0, 0, 1
7086.703, 0.11800648333333333, 0, 0, 0.0, 398.0, 0, 100, 0, 100, 0, 17, 0, 18, 0, 17, 0, 0, 0, 0, 0, 0, 0, 0, 0, 0, 0, 0, 0, 0, 0, 0, 18, 18, 18, 18, 18, 17, 18, 17, 18, 17, 17, 17, 17, 17, 17, 17, 0, 4148.4, 0, 4158.4, 0, 0, 0, 0, 0, 0, -0.05891518554687991, 0, 0, 0, 22, 24, 21, 0, 0, 0, 0, 0, 0, 0, 0, 0, 0, 0, 0, 0, 0, 0, 1
7186.732, 0.1186863, 0, 0, 0.0, 398.0, 0, 100, 0, 100, 0, 17, 0, 18, 0, 17, 0, 0, 0, 0, 0, 0, 0, 0, 0, 0, 0, 0, 0, 0, 0, 0, 18, 18, 18, 18, 18, 17, 18, 17, 18, 17, 17, 17, 17, 17, 17, 17, 0, 4148.4, 0, 4158.4, 0, 0, 0, 0, 0, 0, -0.05891518554687991, 0, 0, 0, 22, 24, 21, 0, 0, 0, 0, 0, 0, 0, 0, 0, 0, 0, 0, 0, 0, 0, 1
7297.064, 0.12161773333333334, 0, 0, 0.0, 398.0, 0, 100, 0, 100, 0, 17, 0, 18, 0, 17, 0, 0, 0, 0, 0, 0, 0, 0, 0, 0, 0, 0, 0, 0, 0, 0, 18, 18, 18, 18, 18, 17, 18, 17, 18, 17, 17, 17, 17, 17, 17, 17, 0, 4148.4, 0, 4158.4, 0, 0, 0, 0, 0, 0, -0.05891518554687991, 0, 0, 0, 22, 24, 21, 0, 0, 0, 0, 0, 0, 0, 0, 0, 0, 0, 0, 0, 0, 0, 1
7406.578, 0.12212725, 0, 0, 0.0, 398.0, 0, 100, 0, 100, 0, 17, 0, 18, 0, 17, 0, 0, 0, 0, 0, 0, 0, 0, 0, 0, 0, 0, 0, 0, 0, 0, 18, 18, 18, 18, 18, 17, 18, 17, 18, 17, 17, 17, 17, 17, 17, 17, 0, 4148.4, 0, 4158.4, 0, 0, 0, 0, 0, 0, -0.05891518554687991, 0, 0, 0, 22, 24, 21, 0, 0, 0, 0, 0, 0, 0, 0, 0, 0, 0, 0, 0, 0, 0, 1
7506.69, 0.12465916666666667, 0, 0, 0.0, 398.0, 0, 100, 0, 100, 0, 17, 0, 18, 0, 17, 0, 0, 0, 0, 0, 0, 0, 0, 0, 0, 0, 0, 0, 0, 0, 0, 18, 18, 18, 18, 18, 17, 18, 17, 18, 17, 17, 17, 17, 17, 17, 17, 0, 4148.4, 0, 4158.4, 0, 0, 0, 0, 0, 0, -0.05891518554687991, 0, 0, 0, 22, 24, 21, 0, 0, 0, 0, 0, 0, 0, 0, 0, 0, 0, 0, 0, 0, 0, 1
7606.694, 0.12586888333333332, 0, 0, 0.0, 398.0, 0, 100, 0, 100, 0, 17, 0, 18, 0, 17, 0, 0, 0, 0, 0, 0, 0, 0, 0, 0, 0, 0, 0, 0, 0, 0, 18, 18, 18, 18, 18, 17, 18, 17, 18, 17, 17, 17, 17, 17, 17, 17, 0, 4148.4, 0, 4158.4, 0, 0, 0, 0, 0, 0, -0.05891518554687991, 0, 0, 0, 22, 24, 21, 0, 0, 0, 0, 0, 0, 0, 0, 0, 0, 0, 0, 0, 0, 0, 1
7706.695, 0.12799023333333334, 0, 0, 0.0, 398.0, 0, 100, 0, 100, 0, 17, 0, 18, 0, 17, 0, 0, 0, 0, 0, 0, 0, 0, 0, 0, 0, 0, 0, 0, 0, 0, 18, 18, 18, 18, 18, 17, 18, 17, 18, 17, 17, 17, 17, 17, 17, 17, 0, 4148.4, 0, 4158.5, 0, 0, 0, 0, 0, 0, -0.05891518554687991, 0, 0, 0, 22, 24, 21, 0, 0, 0, 0, 0, 0, 0, 0, 0, 0, 0, 0, 0, 0, 0, 1
7806.698, 0.12946045, 0, 0, 0.0, 398.0, 0, 100, 0, 100, 0, 17, 0, 18, 0, 17, 0, 0, 0, 0, 0, 0, 0, 0, 0, 0, 0, 0, 0, 0, 0, 0, 18, 18, 18, 18, 18, 17, 18, 17, 18, 17, 17, 17, 17, 17, 17, 17, 0, 4148.4, 0, 4158.5, 0, 0, 0, 0, 0, 0, -0.05891518554687991, 0, 0, 0, 22, 24, 21, 0, 0, 0, 0, 0, 0, 0, 0, 0, 0, 0, 0, 0, 0, 0, 1
7906.733, 0.13132685, 0, 0, 0.0, 398.0, 0, 100, 0, 100, 0, 17, 0, 18, 0, 17, 0, 0, 0, 0, 0, 0, 0, 0, 0, 0, 0, 0, 0, 0, 0, 0, 18, 18, 18, 18, 18, 17, 18, 17, 18, 17, 17, 17, 17, 17, 17, 17, 0, 4148.4, 0, 4158.4, 0, 0, 0, 0, 0, 0, -0.04208227539062648, 0, 0, 0, 22, 24, 21, 0, 0, 0, 0, 0, 0, 0, 0, 0, 0, 0, 0, 0, 0, 0, 1
8016.997, 0.13312716666666666, 0, 0, 0.0, 398.0, 0, 100, 0, 100, 0, 17, 0, 18, 0, 17, 0, 0, 0, 0, 0, 0, 0, 0, 0, 0, 0, 0, 0, 0, 0, 0, 18, 18, 18, 18, 18, 17, 18, 17, 18, 17, 17, 17, 17, 17, 17, 17, 0, 4148.4, 0, 4158.4, 0, 0, 0, 0, 0, 0, -0.04208227539062648, 0, 0, 0, 22, 24, 21, 0, 0, 0, 0, 0, 0, 0, 0, 0, 0, 0, 0, 0, 0, 0, 1
8120.914, 0.13534856666666667, 0, 0, 0.0, 398.0, 0, 100, 0, 100, 0, 17, 0, 18, 0, 17, 0, 0, 0, 0, 0, 0, 0, 0, 0, 0, 0, 0, 0, 0, 0, 0, 18, 18, 18, 18, 18, 17, 18, 17, 18, 17, 17, 17, 17, 17, 17, 17, 0, 4148.5, 0, 4158.4, 0, 0, 0, 0, 0, 0, -0.05891518554687991, 0, 0, 0, 22, 24, 21, 0, 0, 0, 0, 0, 0, 0, 0, 0, 0, 0, 0, 0, 0, 0, 1
8221.228, 0.13702046666666665, 0, 0, 0.0, 398.0, 0, 100, 0, 100, 0, 17, 0, 18, 0, 17, 0, 0, 0, 0, 0, 0, 0, 0, 0, 0, 0, 0, 0, 0, 0, 0, 18, 18, 18, 18, 18, 17, 18, 17, 18, 17, 17, 17, 17, 17, 17, 17, 0, 4148.4, 0, 4158.4, 0, 0, 0, 0, 0, 0, -0.05891518554687991, 0, 0, 0, 22, 24, 21, 0, 0, 0, 0, 0, 0, 0, 0, 0, 0, 0, 0, 0, 0, 0, 1
8326.58, 0.13868426666666667, 0, 0, 0.0, 398.0, 0, 100, 0, 100, 0, 17, 0, 18, 0, 17, 0, 0, 0, 0, 0, 0, 0, 0, 0, 0, 0, 0, 0, 0, 0, 0, 18, 18, 18, 18, 18, 17, 18, 17, 18, 17, 17, 17, 17, 17, 17, 17, 0, 4148.4, 0, 4158.4, 0, 0, 0, 0, 0, 0, -0.05891518554687991, 0, 0, 0, 22, 24, 21, 0, 0, 0, 0, 0, 0, 0, 0, 0, 0, 0, 0, 0, 0, 0, 1
8426.613, 0.14035219999999998, 0, 0, 0.0, 398.0, 0, 100, 0, 100, 0, 17, 0, 18, 0, 17, 0, 0, 0, 0, 0, 0, 0, 0, 0, 0, 0, 0, 0, 0, 0, 0, 18, 18, 18, 18, 18, 17, 18, 17, 18, 17, 17, 17, 17, 17, 17, 17, 0, 4148.4, 0, 4158.4, 0, 0, 0, 0, 0, 0, -0.05891518554687991, 0, 0, 0, 22, 24, 21, 0, 0, 0, 0, 0, 0, 0, 0, 0, 0, 0, 0, 0, 0, 0, 1
8526.699, 0.14203285, 0, 0, 0.0, 398.0, 0, 100, 0, 100, 0, 17, 0, 18, 0, 17, 0, 0, 0, 0, 0, 0, 0, 0, 0, 0, 0, 0, 0, 0, 0, 0, 18, 18, 18, 18, 18, 17, 18, 17, 18, 17, 17, 17, 17, 17, 17, 17, 0, 4148.4, 0, 4158.4, 0, 0, 0, 0, 0, 0, -0.05891518554687991, 0, 0, 0, 22, 24, 21, 0, 0, 0, 0, 0, 0, 0, 0, 0, 0, 0, 0, 0, 0, 0, 1
8626.752, 0.14368501666666667, 0, 0, 0.0, 398.0, 0, 100, 0, 100, 0, 17, 0, 18, 0, 17, 0, 0, 0, 0, 0, 0, 0, 0, 0, 0, 0, 0, 0, 0, 0, 0, 18, 18, 18, 18, 18, 17, 18, 17, 18, 17, 17, 17, 17, 17, 17, 17, 0, 4148.4, 0, 4158.5, 0, 0, 0, 0, 0, 0, -0.04208227539062648, 0, 0, 0, 22, 24, 21, 0, 0, 0, 0, 0, 0, 0, 0, 0, 0, 0, 0, 0, 0, 0, 1
8731.37, 0.1453534, 0, 0, 0.0, 398.0, 0, 100, 0, 100, 0, 17, 0, 18, 0, 17, 0, 0, 0, 0, 0, 0, 0, 0, 0, 0, 0, 0, 0, 0, 0, 0, 18, 18, 18, 18, 18, 17, 18, 17, 18, 17, 17, 17, 17, 17, 17, 17, 0, 4148.4, 0, 4158.5, 0, 0, 0, 0, 0, 0, -0.04208227539062648, 0, 0, 0, 22, 24, 21, 0, 0, 0, 0, 0, 0, 0, 0, 0, 0, 0, 0, 0, 0, 0, 1
8846.594, 0.14701931666666665, 0, 0, 0.0, 398.0, 0, 100, 0, 100, 0, 17, 0, 18, 0, 17, 0, 0, 0, 0, 0, 0, 0, 0, 0, 0, 0, 0, 0, 0, 0, 0, 18, 18, 18, 18, 18, 17, 18, 17, 18, 17, 17, 17, 17, 17, 17, 17, 0, 4148.5, 0, 4158.4, 0, 0, 0, 0, 0, 0, -0.05891518554687991, 0, 0, 0, 22, 24, 21, 0, 0, 0, 0, 0, 0, 0, 0, 0, 0, 0, 0, 0, 0, 0, 1
8946.709, 0.14868553333333331, 0, 0, 0.0, 398.0, 0, 100, 0, 100, 0, 17, 0, 18, 0, 17, 0, 0, 0, 0, 0, 0, 0, 0, 0, 0, 0, 0, 0, 0, 0, 0, 18, 18, 18, 18, 18, 17, 18, 17, 18, 17, 17, 17, 17, 17, 17, 17, 0, 4148.5, 0, 4158.4, 0, 0, 0, 0, 0, 0, -0.05891518554687991, 0, 0, 0, 22, 24, 21, 0, 0, 0, 0, 0, 0, 0, 0, 0, 0, 0, 0, 0, 0, 0, 1
9046.832, 0.15071046666666668, 0, 0, 0.0, 398.0, 0, 100, 0, 100, 0, 17, 0, 18, 0, 17, 0, 0, 0, 0, 0, 0, 0, 0, 0, 0, 0, 0, 0, 0, 0, 0, 18, 18, 18, 18, 18, 17, 18, 17, 18, 17, 17, 17, 17, 17, 17, 17, 0, 4148.4, 0, 4158.4, 0, 0, 0, 0, 0, 0, -0.04208227539062648, 0, 0, 0, 22, 24, 21, 0, 0, 0, 0, 0, 0, 0, 0, 0, 0, 0, 0, 0, 0, 0, 1
9166.582, 0.15201653333333334, 0, 0, 0.0, 398.0, 0, 100, 0, 100, 0, 17, 0, 18, 0, 17, 0, 0, 0, 0, 0, 0, 0, 0, 0, 0, 0, 0, 0, 0, 0, 0, 18, 18, 18, 18, 18, 17, 18, 17, 18, 17, 17, 17, 17, 17, 17, 17, 0, 4148.4, 0, 4158.4, 0, 0, 0, 0, 0, 0, -0.04208227539062648, 0, 0, 0, 22, 24, 21, 0, 0, 0, 0, 0, 0, 0, 0, 0, 0, 0, 0, 0, 0, 0, 1
9266.699, 0.15438378333333333, 0, 0, 0.0, 398.0, 0, 100, 0, 100, 0, 17, 0, 18, 0, 17, 0, 0, 0, 0, 0, 0, 0, 0, 0, 0, 0, 0, 0, 0, 0, 0, 18, 18, 18, 18, 18, 17, 18, 17, 18, 17, 17, 17, 17, 17, 17, 17, 0, 4148.5, 0, 4158.4, 0, 0, 0, 0, 0, 0, -0.05891518554687991, 0, 0, 0, 22, 24, 21, 0, 0, 0, 0, 0, 0, 0, 0, 0, 0, 0, 0, 0, 0, 0, 1
9366.701, 0.15535055, 0, 0, 0.0, 398.0, 0, 100, 0, 100, 0, 17, 0, 18, 0, 17, 0, 0, 0, 0, 0, 0, 0, 0, 0, 0, 0, 0, 0, 0, 0, 0, 18, 18, 18, 18, 18, 17, 18, 17, 18, 17, 17, 17, 17, 17, 17, 17, 0, 4148.5, 0, 4158.4, 0, 0, 0, 0, 0, 0, -0.05891518554687991, 0, 0, 0, 22, 24, 21, 0, 0, 0, 0, 0, 0, 0, 0, 0, 0, 0, 0, 0, 0, 0, 1
9466.705, 0.15701793333333333, 0, 0, 0.0, 398.0, 0, 100, 0, 100, 0, 17, 0, 18, 0, 17, 0, 0, 0, 0, 0, 0, 0, 0, 0, 0, 0, 0, 0, 0, 0, 0, 18, 18, 18, 18, 18, 17, 18, 17, 18, 17, 17, 17, 17, 17, 17, 17, 0, 4148.4, 0, 4158.5, 0, 0, 0, 0, 0, 0, -0.05891518554687991, 0, 0, 0, 22, 24, 21, 0, 0, 0, 0, 0, 0, 0, 0, 0, 0, 0, 0, 0, 0, 0, 1
9581.042, 0.15880256666666667, 0, 0, 0.0, 398.0, 0, 100, 0, 100, 0, 17, 0, 18, 0, 17, 0, 0, 0, 0, 0, 0, 0, 0, 0, 0, 0, 0, 0, 0, 0, 0, 18, 18, 18, 18, 18, 17, 18, 17, 18, 17, 17, 17, 17, 17, 17, 17, 0, 4148.4, 0, 4158.5, 0, 0, 0, 0, 0, 0, -0.05891518554687991, 0, 0, 0, 22, 24, 21, 0, 0, 0, 0, 0, 0, 0, 0, 0, 0, 0, 0, 0, 0, 0, 1
9681.263, 0.16133143333333333, 0, 0, 0.0, 398.0, 0, 100, 0, 100, 0, 17, 0, 18, 0, 17, 0, 0, 0, 0, 0, 0, 0, 0, 0, 0, 0, 0, 0, 0, 0, 0, 18, 18, 18, 18, 18, 17, 18, 17, 18, 17, 17, 17, 17, 17, 17, 17, 0, 4148.5, 0, 4158.4, 0, 0, 0, 0, 0, 0, -0.05891518554687991, 0, 0, 0, 22, 24, 21, 0, 0, 0, 0, 0, 0, 0, 0, 0, 0, 0, 0, 0, 0, 0, 1
9781.499, 0.16246051666666667, 0, 0, 0.0, 398.0, 0, 100, 0, 100, 0, 17, 0, 18, 0, 17, 0, 0, 0, 0, 0, 0, 0, 0, 0, 0, 0, 0, 0, 0, 0, 0, 18, 18, 18, 18, 18, 17, 18, 17, 18, 17, 17, 17, 17, 17, 17, 17, 0, 4148.5, 0, 4158.4, 0, 0, 0, 0, 0, 0, -0.05891518554687991, 0, 0, 0, 22, 24, 21, 0, 0, 0, 0, 0, 0, 0, 0, 0, 0, 0, 0, 0, 0, 0, 1
9886.6, 0.16466451666666665, 0, 0, 0.0, 398.0, 0, 100, 0, 100, 0, 17, 0, 18, 0, 17, 0, 0, 0, 0, 0, 0, 0, 0, 0, 0, 0, 0, 0, 0, 0, 0, 18, 18, 18, 18, 18, 17, 18, 17, 18, 17, 17, 17, 17, 17, 17, 17, 0, 4148.4, 0, 4158.4, 0, 0, 0, 0, 0, 0, -0.05891518554687991, 0, 0, 0, 22, 24, 21, 0, 0, 0, 0, 0, 0, 0, 0, 0, 0, 0, 0, 0, 0, 0, 1
9986.603, 0.16613523333333333, 0, 0, 0.0, 398.0, 0, 100, 0, 100, 0, 17, 0, 18, 0, 17, 0, 0, 0, 0, 0, 0, 0, 0, 0, 0, 0, 0, 0, 0, 0, 0, 18, 18, 18, 18, 18, 17, 18, 17, 18, 17, 17, 17, 17, 17, 17, 17, 0, 4148.4, 0, 4158.4, 0, 0, 0, 0, 0, 0, -0.04208227539062648, 0, 0, 0, 22, 24, 21, 0, 0, 0, 0, 0, 0, 0, 0, 0, 0, 0, 0, 0, 0, 0, 1
10086.719, 0.16800298333333333, 0, 0, 0.0, 398.0, 0, 100, 0, 100, 0, 17, 0, 18, 0, 17, 0, 0, 0, 0, 0, 0, 0, 0, 0, 0, 0, 0, 0, 0, 0, 0, 18, 18, 18, 18, 18, 17, 18, 17, 18, 17, 17, 17, 17, 17, 17, 17, 0, 4148.5, 0, 4158.4, 0, 0, 0, 0, 0, 0, -0.04208227539062648, 0, 0, 0, 22, 24, 21, 0, 0, 0, 0, 0, 0, 0, 0, 0, 0, 0, 0, 0, 0, 0, 1
10186.74, 0.16868151666666667, 0, 0, 0.0, 398.0, 0, 100, 0, 100, 0, 17, 0, 18, 0, 17, 0, 0, 0, 0, 0, 0, 0, 0, 0, 0, 0, 0, 0, 0, 0, 0, 18, 18, 18, 18, 18, 17, 18, 17, 18, 17, 17, 17, 17, 17, 17, 17, 0, 4148.5, 0, 4158.4, 0, 0, 0, 0, 0, 0, -0.04208227539062648, 0, 0, 0, 22, 24, 21, 0, 0, 0, 0, 0, 0, 0, 0, 0, 0, 0, 0, 0, 0, 0, 1
10297.193, 0.17161988333333333, 0, 0, 0.0, 398.0, 0, 100, 0, 100, 0, 17, 0, 18, 0, 17, 0, 0, 0, 0, 0, 0, 0, 0, 0, 0, 0, 0, 0, 0, 0, 0, 18, 18, 18, 18, 18, 17, 18, 17, 18, 17, 17, 17, 17, 17, 17, 17, 0, 4148.4, 0, 4158.4, 0, 0, 0, 0, 0, 0, -0.08416455078125296, 0, 0, 0, 22, 24, 21, 0, 0, 0, 0, 0, 0, 0, 0, 0, 0, 0, 0, 0, 0, 0, 1
10406.597, 0.17201593333333334, 0, 0, 0.0, 398.0, 0, 100, 0, 100, 0, 17, 0, 18, 0, 17, 0, 0, 0, 0, 0, 0, 0, 0, 0, 0, 0, 0, 0, 0, 0, 0, 18, 18, 18, 18, 18, 17, 18, 17, 18, 17, 17, 17, 17, 17, 17, 17, 0, 4148.4, 0, 4158.4, 0, 0, 0, 0, 0, 0, -0.08416455078125296, 0, 0, 0, 22, 24, 21, 0, 0, 0, 0, 0, 0, 0, 0, 0, 0, 0, 0, 0, 0, 0, 1
10506.704, 0.17466253333333334, 0, 0, 0.0, 398.0, 0, 100, 0, 100, 0, 17, 0, 18, 0, 17, 0, 0, 0, 0, 0, 0, 0, 0, 0, 0, 0, 0, 0, 0, 0, 0, 18, 18, 18, 18, 18, 17, 18, 17, 18, 17, 17, 17, 17, 17, 17, 17, 0, 4148.4, 0, 4158.4, 0, 0, 0, 0, 0, 0, -0.05891518554687991, 0, 0, 0, 22, 24, 21, 0, 0, 0, 0, 0, 0, 0, 0, 0, 0, 0, 0, 0, 0, 0, 1
10606.707, 0.17536076666666667, 0, 0, 0.0, 398.0, 0, 100, 0, 100, 0, 17, 0, 18, 0, 17, 0, 0, 0, 0, 0, 0, 0, 0, 0, 0, 0, 0, 0, 0, 0, 0, 18, 18, 18, 18, 18, 17, 18, 17, 18, 17, 17, 17, 17, 17, 17, 17, 0, 4148.4, 0, 4158.4, 0, 0, 0, 0, 0, 0, -0.05891518554687991, 0, 0, 0, 22, 24, 21, 0, 0, 0, 0, 0, 0, 0, 0, 0, 0, 0, 0, 0, 0, 0, 1
10721.186, 0.17868643333333334, 0, 0, 0.0, 398.0, 0, 100, 0, 100, 0, 17, 0, 18, 0, 17, 0, 0, 0, 0, 0, 0, 0, 0, 0, 0, 0, 0, 0, 0, 0, 0, 18, 18, 18, 18, 18, 17, 18, 17, 18, 17, 17, 17, 17, 17, 17, 17, 0, 4148.5, 0, 4158.4, 0, 0, 0, 0, 0, 0, -0.05891518554687991, 0, 0, 0, 22, 24, 21, 0, 0, 0, 0, 0, 0, 0, 0, 0, 0, 0, 0, 0, 0, 0, 1
10827.591, 0.18035221666666668, 0, 0, 0.0, 398.0, 0, 100, 0, 100, 0, 17, 0, 18, 0, 17, 0, 0, 0, 0, 0, 0, 0, 0, 0, 0, 0, 0, 0, 0, 0, 0, 18, 18, 18, 18, 18, 17, 18, 17, 18, 17, 17, 17, 17, 17, 17, 17, 0, 4148.4, 0, 4158.4, 0, 0, 0, 0, 0, 0, -0.05891518554687991, 0, 0, 0, 22, 24, 21, 0, 0, 0, 0, 0, 0, 0, 0, 0, 0, 0, 0, 0, 0, 0, 1
10927.592, 0.18201988333333333, 0, 0, 0.0, 398.0, 0, 100, 0, 100, 0, 17, 0, 18, 0, 17, 0, 0, 0, 0, 0, 0, 0, 0, 0, 0, 0, 0, 0, 0, 0, 0, 18, 18, 18, 18, 18, 17, 18, 17, 18, 17, 17, 17, 17, 17, 17, 17, 0, 4148.4, 0, 4158.4, 0, 0, 0, 0, 0, 0, -0.05891518554687991, 0, 0, 0, 22, 24, 21, 0, 0, 0, 0, 0, 0, 0, 0, 0, 0, 0, 0, 0, 0, 0, 1
11027.707, 0.18201988333333333, 0, 0, 0.0, 398.0, 0, 100, 0, 100, 0, 17, 0, 18, 0, 17, 0, 0, 0, 0, 0, 0, 0, 0, 0, 0, 0, 0, 0, 0, 0, 0, 18, 18, 18, 18, 18, 17, 18, 17, 18, 17, 17, 17, 17, 17, 17, 17, 0, 4148.4, 0, 4158.4, 0, 0, 0, 0, 0, 0, -0.05891518554687991, 0, 0, 0, 22, 24, 21, 0, 0, 0, 0, 0, 0, 0, 0, 0, 0, 0, 0, 0, 0, 0, 1
11127.75, 0.18537501666666667, 0, 0, 0.0, 398.0, 0, 100, 0, 100, 0, 17, 0, 18, 0, 17, 0, 0, 0, 0, 0, 0, 0, 0, 0, 0, 0, 0, 0, 0, 0, 0, 18, 18, 18, 18, 18, 17, 18, 17, 18, 17, 17, 17, 17, 17, 17, 17, 0, 4148.5, 0, 4158.4, 0, 0, 0, 0, 0, 0, -0.04208227539062648, 0, 0, 0, 22, 24, 21, 0, 0, 0, 0, 0, 0, 0, 0, 0, 0, 0, 0, 0, 0, 0, 1
11230.759, 0.18701806666666668, 0, 0, 0.0, 398.0, 0, 100, 0, 100, 0, 17, 0, 18, 0, 17, 0, 0, 0, 0, 0, 0, 0, 0, 0, 0, 0, 0, 0, 0, 0, 0, 18, 18, 18, 18, 18, 17, 18, 17, 18, 17, 17, 17, 17, 17, 17, 17, 0, 4148.5, 0, 4158.4, 0, 0, 0, 0, 0, 0, -0.04208227539062648, 0, 0, 0, 22, 24, 21, 0, 0, 0, 0, 0, 0, 0, 0, 0, 0, 0, 0, 0, 0, 0, 1
11330.986, 0.18868543333333335, 0, 0, 0.0, 398.0, 0, 100, 0, 100, 0, 17, 0, 18, 0, 17, 0, 0, 0, 0, 0, 0, 0, 0, 0, 0, 0, 0, 0, 0, 0, 0, 18, 18, 18, 18, 18, 17, 18, 17, 18, 17, 17, 17, 17, 17, 17, 17, 0, 4148.5, 0, 4158.4, 0, 0, 0, 0, 0, 0, -0.04208227539062648, 0, 0, 0, 22, 24, 21, 0, 0, 0, 0, 0, 0, 0, 0, 0, 0, 0, 0, 0, 0, 0, 1
11431.232, 0.1903522666666667, 0, 0, 0.0, 398.0, 0, 100, 0, 100, 0, 17, 0, 18, 0, 17, 0, 0, 0, 0, 0, 0, 0, 0, 0, 0, 0, 0, 0, 0, 0, 0, 18, 18, 18, 18, 18, 17, 18, 17, 18, 17, 17, 17, 17, 17, 17, 17, 0, 4148.5, 0, 4158.4, 0, 0, 0, 0, 0, 0, -0.05891518554687991, 0, 0, 0, 22, 24, 21, 0, 0, 0, 0, 0, 0, 0, 0, 0, 0, 0, 0, 0, 0, 0, 1
11531.47, 0.19202975, 0, 0, 0.0, 398.0, 0, 100, 0, 100, 0, 17, 0, 18, 0, 17, 0, 0, 0, 0, 0, 0, 0, 0, 0, 0, 0, 0, 0, 0, 0, 0, 18, 18, 18, 18, 18, 17, 18, 17, 18, 17, 17, 17, 17, 17, 17, 17, 0, 4148.5, 0, 4158.4, 0, 0, 0, 0, 0, 0, -0.05891518554687991, 0, 0, 0, 22, 24, 21, 0, 0, 0, 0, 0, 0, 0, 0, 0, 0, 0, 0, 0, 0, 0, 1
11648.603, 0.1937410333333333, 0, 0, 0.0, 398.0, 0, 100, 0, 100, 0, 17, 0, 18, 0, 17, 0, 0, 0, 0, 0, 0, 0, 0, 0, 0, 0, 0, 0, 0, 0, 0, 18, 18, 18, 18, 18, 17, 18, 17, 18, 17, 17, 17, 17, 17, 17, 17, 0, 4148.5, 0, 4158.4, 0, 0, 0, 0, 0, 0, -0.04208227539062648, 0, 0, 0, 22, 24, 21, 0, 0, 0, 0, 0, 0, 0, 0, 0, 0, 0, 0, 0, 0, 0, 1
11748.605, 0.1953563, 0, 0, 0.0, 398.0, 0, 100, 0, 100, 0, 17, 0, 18, 0, 17, 0, 0, 0, 0, 0, 0, 0, 0, 0, 0, 0, 0, 0, 0, 0, 0, 18, 18, 18, 18, 18, 17, 18, 17, 18, 17, 17, 17, 17, 17, 17, 17, 0, 4148.5, 0, 4158.4, 0, 0, 0, 0, 0, 0, -0.04208227539062648, 0, 0, 0, 22, 24, 21, 0, 0, 0, 0, 0, 0, 0, 0, 0, 0, 0, 0, 0, 0, 0, 1
11848.606, 0.19702246666666667, 0, 0, 0.0, 398.0, 0, 100, 0, 100, 0, 17, 0, 18, 0, 17, 0, 0, 0, 0, 0, 0, 0, 0, 0, 0, 0, 0, 0, 0, 0, 0, 18, 18, 18, 18, 18, 17, 18, 17, 18, 17, 17, 17, 17, 17, 17, 17, 0, 4148.5, 0, 4158.4, 0, 0, 0, 0, 0, 0, -0.04208227539062648, 0, 0, 0, 22, 24, 21, 0, 0, 0, 0, 0, 0, 0, 0, 0, 0, 0, 0, 0, 0, 0, 1
11948.722, 0.19868945, 0, 0, 0.0, 398.0, 0, 100, 0, 100, 0, 17, 0, 18, 0, 17, 0, 0, 0, 0, 0, 0, 0, 0, 0, 0, 0, 0, 0, 0, 0, 0, 18, 18, 18, 18, 18, 17, 18, 17, 18, 17, 17, 17, 17, 17, 17, 17, 0, 4148.5, 0, 4158.4, 0, 0, 0, 0, 0, 0, -0.04208227539062648, 0, 0, 0, 22, 24, 21, 0, 0, 0, 0, 0, 0, 0, 0, 0, 0, 0, 0, 0, 0, 0, 1
12048.733, 0.2007182, 0, 0, 0.0, 398.0, 0, 100, 0, 100, 0, 17, 0, 18, 0, 17, 0, 0, 0, 0, 0, 0, 0, 0, 0, 0, 0, 0, 0, 0, 0, 0, 18, 18, 18, 18, 18, 17, 18, 17, 18, 17, 17, 17, 17, 17, 17, 17, 0, 4148.4, 0, 4158.4, 0, 0, 0, 0, 0, 0, -0.04208227539062648, 0, 0, 0, 22, 24, 21, 0, 0, 0, 0, 0, 0, 0, 0, 0, 0, 0, 0, 0, 0, 0, 1
12149.596, 0.20201853333333333, 0, 0, 0.0, 398.0, 0, 100, 0, 100, 0, 17, 0, 18, 0, 17, 0, 0, 0, 0, 0, 0, 0, 0, 0, 0, 0, 0, 0, 0, 0, 0, 18, 18, 18, 18, 18, 17, 18, 17, 18, 17, 17, 17, 17, 17, 17, 17, 0, 4148.4, 0, 4158.4, 0, 0, 0, 0, 0, 0, -0.04208227539062648, 0, 0, 0, 22, 24, 21, 0, 0, 0, 0, 0, 0, 0, 0, 0, 0, 0, 0, 0, 0, 0, 1
12249.605, 0.20368601666666666, 0, 0, 0.0, 398.0, 0, 100, 0, 100, 0, 17, 0, 18, 0, 17, 0, 0, 0, 0, 0, 0, 0, 0, 0, 0, 0, 0, 0, 0, 0, 0, 18, 18, 18, 18, 18, 17, 18, 17, 18, 17, 17, 17, 17, 17, 17, 17, 0, 4148.5, 0, 4158.4, 0, 0, 0, 0, 0, 0, -0.04208227539062648, 0, 0, 0, 22, 24, 21, 0, 0, 0, 0, 0, 0, 0, 0, 0, 0, 0, 0, 0, 0, 0, 1
12349.606, 0.20551058333333333, 0, 0, 0.0, 398.0, 0, 100, 0, 100, 0, 17, 0, 18, 0, 17, 0, 0, 0, 0, 0, 0, 0, 0, 0, 0, 0, 0, 0, 0, 0, 0, 18, 18, 18, 18, 18, 17, 18, 17, 18, 17, 17, 17, 17, 17, 17, 17, 0, 4148.5, 0, 4158.4, 0, 0, 0, 0, 0, 0, -0.05891518554687991, 0, 0, 0, 22, 24, 21, 0, 0, 0, 0, 0, 0, 0, 0, 0, 0, 0, 0, 0, 0, 0, 1
12449.721, 0.20702073333333335, 0, 0, 0.0, 398.0, 0, 100, 0, 100, 0, 17, 0, 18, 0, 17, 0, 0, 0, 0, 0, 0, 0, 0, 0, 0, 0, 0, 0, 0, 0, 0, 18, 18, 18, 18, 18, 17, 18, 17, 18, 17, 17, 17, 17, 17, 17, 17, 0, 4148.4, 0, 4158.4, 0, 0, 0, 0, 0, 0, -0.05891518554687991, 0, 0, 0, 22, 24, 21, 0, 0, 0, 0, 0, 0, 0, 0, 0, 0, 0, 0, 0, 0, 0, 1
12549.724, 0.2090629, 0, 0, 0.0, 398.0, 0, 100, 0, 100, 0, 17, 0, 18, 0, 17, 0, 0, 0, 0, 0, 0, 0, 0, 0, 0, 0, 0, 0, 0, 0, 0, 18, 18, 18, 18, 18, 17, 18, 17, 18, 17, 17, 17, 17, 17, 17, 17, 0, 4148.4, 0, 4158.4, 0, 0, 0, 0, 0, 0, -0.05891518554687991, 0, 0, 0, 22, 24, 21, 0, 0, 0, 0, 0, 0, 0, 0, 0, 0, 0, 0, 0, 0, 0, 1
12650.607, 0.21035708333333333, 0, 0, 0.0, 398.0, 0, 100, 0, 100, 0, 17, 0, 18, 0, 17, 0, 0, 0, 0, 0, 0, 0, 0, 0, 0, 0, 0, 0, 0, 0, 0, 18, 18, 18, 18, 18, 17, 18, 17, 18, 17, 17, 17, 17, 17, 17, 17, 0, 4148.5, 0, 4158.4, 0, 0, 0, 0, 0, 0, -0.05891518554687991, 0, 0, 0, 22, 24, 21, 0, 0, 0, 0, 0, 0, 0, 0, 0, 0, 0, 0, 0, 0, 0, 1
12750.634, 0.21202278333333333, 0, 0, 0.0, 398.0, 0, 100, 0, 100, 0, 17, 0, 18, 0, 17, 0, 0, 0, 0, 0, 0, 0, 0, 0, 0, 0, 0, 0, 0, 0, 0, 18, 18, 18, 18, 18, 17, 18, 17, 18, 17, 17, 17, 17, 17, 17, 17, 0, 4148.5, 0, 4158.4, 0, 0, 0, 0, 0, 0, -0.05891518554687991, 0, 0, 0, 22, 24, 21, 0, 0, 0, 0, 0, 0, 0, 0, 0, 0, 0, 0, 0, 0, 0, 1
12850.723, 0.21368368333333335, 0, 0, 0.0, 398.0, 0, 100, 0, 100, 0, 17, 0, 18, 0, 17, 0, 0, 0, 0, 0, 0, 0, 0, 0, 0, 0, 0, 0, 0, 0, 0, 18, 18, 18, 18, 18, 17, 18, 17, 18, 17, 17, 17, 17, 17, 17, 17, 0, 4148.4, 0, 4158.5, 0, 0, 0, 0, 0, 0, -0.04208227539062648, 0, 0, 0, 22, 24, 21, 0, 0, 0, 0, 0, 0, 0, 0, 0, 0, 0, 0, 0, 0, 0, 1
12950.724, 0.21535571666666667, 0, 0, 0.0, 398.0, 0, 100, 0, 100, 0, 17, 0, 18, 0, 17, 0, 0, 0, 0, 0, 0, 0, 0, 0, 0, 0, 0, 0, 0, 0, 0, 18, 18, 18, 18, 18, 17, 18, 17, 18, 17, 17, 17, 17, 17, 17, 17, 0, 4148.4, 0, 4158.5, 0, 0, 0, 0, 0, 0, -0.04208227539062648, 0, 0, 0, 22, 24, 21, 0, 0, 0, 0, 0, 0, 0, 0, 0, 0, 0, 0, 0, 0, 0, 1
13051.438, 0.21738843333333335, 0, 0, 0.0, 398.0, 0, 100, 0, 100, 0, 17, 0, 18, 0, 17, 0, 0, 0, 0, 0, 0, 0, 0, 0, 0, 0, 0, 0, 0, 0, 0, 18, 18, 18, 18, 18, 17, 18, 17, 18, 17, 17, 17, 17, 17, 17, 17, 0, 4148.4, 0, 4158.4, 0, 0, 0, 0, 0, 0, -0.05891518554687991, 0, 0, 0, 22, 24, 21, 0, 0, 0, 0, 0, 0, 0, 0, 0, 0, 0, 0, 0, 0, 0, 1
13151.566, 0.21868443333333334, 0, 0, 0.0, 398.0, 0, 100, 0, 100, 0, 17, 0, 18, 0, 17, 0, 0, 0, 0, 0, 0, 0, 0, 0, 0, 0, 0, 0, 0, 0, 0, 18, 18, 18, 18, 18, 17, 18, 17, 18, 17, 17, 17, 17, 17, 17, 17, 0, 4148.4, 0, 4158.4, 0, 0, 0, 0, 0, 0, -0.05891518554687991, 0, 0, 0, 22, 24, 21, 0, 0, 0, 0, 0, 0, 0, 0, 0, 0, 0, 0, 0, 0, 0, 1
13251.6, 0.22056366666666666, 0, 0, 0.0, 398.0, 0, 100, 0, 100, 0, 17, 0, 18, 0, 17, 0, 0, 0, 0, 0, 0, 0, 0, 0, 0, 0, 0, 0, 0, 0, 0, 18, 18, 18, 18, 18, 17, 18, 17, 18, 17, 17, 17, 17, 17, 17, 17, 0, 4148.4, 0, 4158.4, 0, 0, 0, 0, 0, 0, -0.05891518554687991, 0, 0, 0, 22, 24, 21, 0, 0, 0, 0, 0, 0, 0, 0, 0, 0, 0, 0, 0, 0, 0, 1
13351.602, 0.22202135, 0, 0, 0.0, 398.0, 0, 100, 0, 100, 0, 17, 0, 18, 0, 17, 0, 0, 0, 0, 0, 0, 0, 0, 0, 0, 0, 0, 0, 0, 0, 0, 18, 18, 18, 18, 18, 17, 18, 17, 18, 17, 17, 17, 17, 17, 17, 17, 0, 4148.4, 0, 4158.4, 0, 0, 0, 0, 0, 0, -0.05891518554687991, 0, 0, 0, 22, 24, 21, 0, 0, 0, 0, 0, 0, 0, 0, 0, 0, 0, 0, 0, 0, 0, 1
13451.604, 0.22369091666666666, 0, 0, 0.0, 398.0, 0, 100, 0, 100, 0, 17, 0, 18, 0, 17, 0, 0, 0, 0, 0, 0, 0, 0, 0, 0, 0, 0, 0, 0, 0, 0, 18, 18, 18, 18, 18, 17, 18, 17, 18, 17, 17, 17, 17, 17, 17, 17, 0, 4148.4, 0, 4158.4, 0, 0, 0, 0, 0, 0, -0.05891518554687991, 0, 0, 0, 22, 24, 21, 0, 0, 0, 0, 0, 0, 0, 0, 0, 0, 0, 0, 0, 0, 0, 1
13551.717, 0.22536548333333334, 0, 0, 0.0, 398.0, 0, 100, 0, 100, 0, 17, 0, 18, 0, 17, 0, 0, 0, 0, 0, 0, 0, 0, 0, 0, 0, 0, 0, 0, 0, 0, 18, 18, 18, 18, 18, 17, 18, 17, 18, 17, 17, 17, 17, 17, 17, 17, 0, 4148.4, 0, 4158.4, 0, 0, 0, 0, 0, 0, -0.05891518554687991, 0, 0, 0, 22, 24, 21, 0, 0, 0, 0, 0, 0, 0, 0, 0, 0, 0, 0, 0, 0, 0, 1
13651.747, 0.22701818333333335, 0, 0, 0.0, 398.0, 0, 100, 0, 100, 0, 17, 0, 18, 0, 17, 0, 0, 0, 0, 0, 0, 0, 0, 0, 0, 0, 0, 0, 0, 0, 0, 18, 18, 18, 18, 18, 17, 18, 17, 18, 17, 17, 17, 17, 17, 17, 17, 0, 4148.4, 0, 4158.4, 0, 0, 0, 0, 0, 0, -0.05891518554687991, 0, 0, 0, 22, 24, 21, 0, 0, 0, 0, 0, 0, 0, 0, 0, 0, 0, 0, 0, 0, 0, 1
13772.694, 0.22868216666666666, 0, 0, 0.0, 398.0, 0, 100, 0, 100, 0, 17, 0, 18, 0, 17, 0, 0, 0, 0, 0, 0, 0, 0, 0, 0, 0, 0, 0, 0, 0, 0, 18, 18, 18, 18, 18, 17, 18, 17, 18, 17, 17, 17, 17, 17, 17, 17, 0, 4148.4, 0, 4158.4, 0, 0, 0, 0, 0, 0, -0.04208227539062648, 0, 0, 0, 22, 24, 21, 0, 0, 0, 0, 0, 0, 0, 0, 0, 0, 0, 0, 0, 0, 0, 1
13872.722, 0.23035216666666666, 0, 0, 0.0, 398.0, 0, 100, 0, 100, 0, 17, 0, 18, 0, 17, 0, 0, 0, 0, 0, 0, 0, 0, 0, 0, 0, 0, 0, 0, 0, 0, 18, 18, 18, 18, 18, 17, 18, 17, 18, 17, 17, 17, 17, 17, 17, 17, 0, 4148.4, 0, 4158.4, 0, 0, 0, 0, 0, 0, -0.04208227539062648, 0, 0, 0, 22, 24, 21, 0, 0, 0, 0, 0, 0, 0, 0, 0, 0, 0, 0, 0, 0, 0, 1
13972.749, 0.23206263333333332, 0, 0, 0.0, 398.0, 0, 100, 0, 100, 0, 17, 0, 18, 0, 17, 0, 0, 0, 0, 0, 0, 0, 0, 0, 0, 0, 0, 0, 0, 0, 0, 18, 18, 18, 18, 18, 17, 18, 17, 18, 17, 17, 17, 17, 17, 17, 17, 0, 4148.4, 0, 4158.4, 0, 0, 0, 0, 0, 0, -0.04208227539062648, 0, 0, 0, 22, 24, 21, 0, 0, 0, 0, 0, 0, 0, 0, 0, 0, 0, 0, 0, 0, 0, 1
14073.425, 0.23410085, 0, 0, 0.0, 398.0, 0, 100, 0, 100, 0, 17, 0, 18, 0, 17, 0, 0, 0, 0, 0, 0, 0, 0, 0, 0, 0, 0, 0, 0, 0, 0, 18, 18, 18, 18, 18, 17, 18, 17, 18, 17, 17, 17, 17, 17, 17, 17, 0, 4148.5, 0, 4158.5, 0, 0, 0, 0, 0, 0, -0.04208227539062648, 0, 0, 0, 22, 24, 21, 0, 0, 0, 0, 0, 0, 0, 0, 0, 0, 0, 0, 0, 0, 0, 1
14181.026, 0.23589598333333334, 0, 0, 0.0, 398.0, 0, 100, 0, 100, 0, 17, 0, 18, 0, 17, 0, 0, 0, 0, 0, 0, 0, 0, 0, 0, 0, 0, 0, 0, 0, 0, 18, 18, 18, 18, 18, 17, 18, 17, 18, 17, 17, 17, 17, 17, 17, 17, 0, 4148.5, 0, 4158.5, 0, 0, 0, 0, 0, 0, -0.08416455078125296, 0, 0, 0, 22, 24, 21, 0, 0, 0, 0, 0, 0, 0, 0, 0, 0, 0, 0, 0, 0, 0, 1
14281.262, 0.2379902, 0, 0, 0.0, 398.0, 0, 100, 0, 100, 0, 17, 0, 18, 0, 17, 0, 0, 0, 0, 0, 0, 0, 0, 0, 0, 0, 0, 0, 0, 0, 0, 18, 18, 18, 18, 18, 17, 18, 17, 18, 17, 17, 17, 17, 17, 17, 17, 0, 4148.4, 0, 4158.5, 0, 0, 0, 0, 0, 0, -0.08416455078125296, 0, 0, 0, 22, 24, 21, 0, 0, 0, 0, 0, 0, 0, 0, 0, 0, 0, 0, 0, 0, 0, 1
14381.493, 0.23868986666666667, 0, 0, 0.0, 398.0, 0, 100, 0, 100, 0, 17, 0, 18, 0, 17, 0, 0, 0, 0, 0, 0, 0, 0, 0, 0, 0, 0, 0, 0, 0, 0, 18, 18, 18, 18, 18, 17, 18, 17, 18, 17, 17, 17, 17, 17, 17, 17, 0, 4148.4, 0, 4158.5, 0, 0, 0, 0, 0, 0, -0.08416455078125296, 0, 0, 0, 22, 24, 21, 0, 0, 0, 0, 0, 0, 0, 0, 0, 0, 0, 0, 0, 0, 0, 1
14493.62, 0.24132493333333332, 0, 0, 0.0, 398.0, 0, 100, 0, 100, 0, 17, 0, 18, 0, 17, 0, 0, 0, 0, 0, 0, 0, 0, 0, 0, 0, 0, 0, 0, 0, 0, 18, 18, 18, 18, 18, 17, 18, 17, 18, 17, 17, 17, 17, 17, 17, 17, 0, 4148.4, 0, 4158.4, 0, 0, 0, 0, 0, 0, -0.05891518554687991, 0, 0, 0, 22, 24, 21, 0, 0, 0, 0, 0, 0, 0, 0, 0, 0, 0, 0, 0, 0, 0, 1
14593.732, 0.24202526666666666, 0, 0, 0.0, 398.0, 0, 100, 0, 100, 0, 17, 0, 18, 0, 17, 0, 0, 0, 0, 0, 0, 0, 0, 0, 0, 0, 0, 0, 0, 0, 0, 18, 18, 18, 18, 18, 17, 18, 17, 18, 17, 17, 17, 17, 17, 17, 17, 0, 4148.4, 0, 4158.4, 0, 0, 0, 0, 0, 0, -0.05891518554687991, 0, 0, 0, 22, 24, 21, 0, 0, 0, 0, 0, 0, 0, 0, 0, 0, 0, 0, 0, 0, 0, 1
14693.813, 0.24466084999999999, 0, 0, 0.0, 398.0, 0, 100, 0, 100, 0, 17, 0, 18, 0, 17, 0, 0, 0, 0, 0, 0, 0, 0, 0, 0, 0, 0, 0, 0, 0, 0, 18, 18, 18, 18, 18, 17, 18, 17, 18, 17, 17, 17, 17, 17, 17, 17, 0, 4148.4, 0, 4158.5, 0, 0, 0, 0, 0, 0, -0.04208227539062648, 0, 0, 0, 22, 24, 21, 0, 0, 0, 0, 0, 0, 0, 0, 0, 0, 0, 0, 0, 0, 0, 1
14813.611, 0.24535095, 0, 0, 0.0, 398.0, 0, 100, 0, 100, 0, 17, 0, 18, 0, 17, 0, 0, 0, 0, 0, 0, 0, 0, 0, 0, 0, 0, 0, 0, 0, 0, 18, 18, 18, 18, 18, 17, 18, 17, 18, 17, 17, 17, 17, 17, 17, 17, 0, 4148.4, 0, 4158.5, 0, 0, 0, 0, 0, 0, -0.04208227539062648, 0, 0, 0, 22, 24, 21, 0, 0, 0, 0, 0, 0, 0, 0, 0, 0, 0, 0, 0, 0, 0, 1
14913.613, 0.2482456, 0, 0, 0.0, 398.0, 0, 100, 0, 100, 0, 17, 0, 18, 0, 17, 0, 0, 0, 0, 0, 0, 0, 0, 0, 0, 0, 0, 0, 0, 0, 0, 18, 18, 18, 18, 18, 17, 18, 17, 18, 17, 17, 17, 17, 17, 17, 17, 0, 4148.4, 0, 4158.4, 0, 0, 0, 0, 0, 0, -0.04208227539062648, 0, 0, 0, 22, 24, 21, 0, 0, 0, 0, 0, 0, 0, 0, 0, 0, 0, 0, 0, 0, 0, 1
15014.606, 0.2486835166666667, 0, 0, 0.0, 398.0, 0, 100, 0, 100, 0, 17, 0, 18, 0, 17, 0, 0, 0, 0, 0, 0, 0, 0, 0, 0, 0, 0, 0, 0, 0, 0, 18, 18, 18, 18, 18, 17, 18, 17, 18, 17, 17, 17, 17, 17, 17, 17, 0, 4148.4, 0, 4158.4, 0, 0, 0, 0, 0, 0, -0.04208227539062648, 0, 0, 0, 22, 24, 21, 0, 0, 0, 0, 0, 0, 0, 0, 0, 0, 0, 0, 0, 0, 0, 1
15114.612, 0.25159893333333333, 0, 0, 0.0, 398.0, 0, 100, 0, 100, 0, 17, 0, 18, 0, 17, 0, 0, 0, 0, 0, 0, 0, 0, 0, 0, 0, 0, 0, 0, 0, 0, 18, 18, 18, 18, 18, 17, 18, 17, 18, 17, 17, 17, 17, 17, 17, 17, 0, 4148.4, 0, 4158.4, 0, 0, 0, 0, 0, 0, -0.05891518554687991, 0, 0, 0, 22, 24, 21, 0, 0, 0, 0, 0, 0, 0, 0, 0, 0, 0, 0, 0, 0, 0, 1
15214.711, 0.2520216, 0, 0, 0.0, 398.0, 0, 100, 0, 100, 0, 17, 0, 18, 0, 17, 0, 0, 0, 0, 0, 0, 0, 0, 0, 0, 0, 0, 0, 0, 0, 0, 18, 18, 18, 18, 18, 17, 18, 17, 18, 17, 17, 17, 17, 17, 17, 17, 0, 4148.4, 0, 4158.4, 0, 0, 0, 0, 0, 0, -0.05891518554687991, 0, 0, 0, 22, 24, 21, 0, 0, 0, 0, 0, 0, 0, 0, 0, 0, 0, 0, 0, 0, 0, 1
15314.727, 0.25507156666666664, 0, 0, 0.0, 398.0, 0, 100, 0, 100, 0, 17, 0, 18, 0, 17, 0, 0, 0, 0, 0, 0, 0, 0, 0, 0, 0, 0, 0, 0, 0, 0, 18, 18, 18, 18, 18, 17, 18, 17, 18, 17, 17, 17, 17, 17, 17, 17, 0, 4148.4, 0, 4158.4, 0, 0, 0, 0, 0, 0, -0.05891518554687991, 0, 0, 0, 22, 24, 21, 0, 0, 0, 0, 0, 0, 0, 0, 0, 0, 0, 0, 0, 0, 0, 1
15414.755, 0.25535741666666667, 0, 0, 0.0, 398.0, 0, 100, 0, 100, 0, 17, 0, 18, 0, 17, 0, 0, 0, 0, 0, 0, 0, 0, 0, 0, 0, 0, 0, 0, 0, 0, 18, 18, 18, 18, 18, 17, 18, 17, 18, 17, 17, 17, 17, 17, 17, 17, 0, 4148.4, 0, 4158.4, 0, 0, 0, 0, 0, 0, -0.05891518554687991, 0, 0, 0, 22, 24, 21, 0, 0, 0, 0, 0, 0, 0, 0, 0, 0, 0, 0, 0, 0, 0, 1
15520.002, 0.2586667, 0, 0, 0.0, 398.0, 0, 100, 0, 100, 0, 17, 0, 18, 0, 17, 0, 0, 0, 0, 0, 0, 0, 0, 0, 0, 0, 0, 0, 0, 0, 0, 18, 18, 18, 18, 18, 17, 18, 17, 18, 17, 17, 17, 17, 17, 17, 17, 0, 4148.4, 0, 4158.4, 0, 0, 0, 0, 0, 0, -0.05891518554687991, 0, 0, 0, 22, 24, 21, 0, 0, 0, 0, 0, 0, 0, 0, 0, 0, 0, 0, 0, 0, 0, 1
15620.272, 0.2603378666666667, 0, 0, 0.0, 398.0, 0, 100, 0, 100, 0, 17, 0, 18, 0, 17, 0, 0, 0, 0, 0, 0, 0, 0, 0, 0, 0, 0, 0, 0, 0, 0, 18, 18, 18, 18, 18, 17, 18, 17, 18, 17, 17, 17, 17, 17, 17, 17, 0, 4148.4, 0, 4158.4, 0, 0, 0, 0, 0, 0, -0.04208227539062648, 0, 0, 0, 22, 24, 21, 0, 0, 0, 0, 0, 0, 0, 0, 0, 0, 0, 0, 0, 0, 0, 1
15721.439, 0.2620239833333333, 0, 0, 0.0, 398.0, 0, 100, 0, 100, 0, 17, 0, 18, 0, 17, 0, 0, 0, 0, 0, 0, 0, 0, 0, 0, 0, 0, 0, 0, 0, 0, 18, 18, 18, 18, 18, 17, 18, 17, 18, 17, 17, 17, 17, 17, 17, 17, 0, 4148.5, 0, 4158.4, 0, 0, 0, 0, 0, 0, -0.04208227539062648, 0, 0, 0, 22, 24, 21, 0, 0, 0, 0, 0, 0, 0, 0, 0, 0, 0, 0, 0, 0, 0, 1
15830.749, 0.26368393333333334, 0, 0, 0.0, 398.0, 0, 100, 0, 100, 0, 17, 0, 18, 0, 17, 0, 0, 0, 0, 0, 0, 0, 0, 0, 0, 0, 0, 0, 0, 0, 0, 18, 18, 18, 18, 18, 17, 18, 17, 18, 17, 17, 17, 17, 17, 17, 17, 0, 4148.4, 0, 4158.5, 0, 0, 0, 0, 0, 0, -0.04208227539062648, 0, 0, 0, 22, 24, 21, 0, 0, 0, 0, 0, 0, 0, 0, 0, 0, 0, 0, 0, 0, 0, 1
15930.983, 0.2653557166666667, 0, 0, 0.0, 398.0, 0, 100, 0, 100, 0, 17, 0, 18, 0, 17, 0, 0, 0, 0, 0, 0, 0, 0, 0, 0, 0, 0, 0, 0, 0, 0, 18, 18, 18, 18, 18, 17, 18, 17, 18, 17, 17, 17, 17, 17, 17, 17, 0, 4148.4, 0, 4158.5, 0, 0, 0, 0, 0, 0, -0.04208227539062648, 0, 0, 0, 22, 24, 21, 0, 0, 0, 0, 0, 0, 0, 0, 0, 0, 0, 0, 0, 0, 0, 1
16031.057, 0.2665373833333333, 0, 0, 0.0, 398.0, 0, 100, 0, 100, 0, 17, 0, 18, 0, 17, 0, 0, 0, 0, 0, 0, 0, 0, 0, 0, 0, 0, 0, 0, 0, 0, 18, 18, 18, 18, 18, 17, 18, 17, 18, 17, 17, 17, 17, 17, 17, 17, 0, 4148.4, 0, 4158.5, 0, 0, 0, 0, 0, 0, -0.05891518554687991, 0, 0, 0, 22, 24, 21, 0, 0, 0, 0, 0, 0, 0, 0, 0, 0, 0, 0, 0, 0, 0, 1
16131.449, 0.26868406666666667, 0, 0, 0.0, 398.0, 0, 100, 0, 100, 0, 17, 0, 18, 0, 17, 0, 0, 0, 0, 0, 0, 0, 0, 0, 0, 0, 0, 0, 0, 0, 0, 18, 18, 18, 18, 18, 17, 18, 17, 18, 17, 17, 17, 17, 17, 17, 17, 0, 4148.5, 0, 4158.4, 0, 0, 0, 0, 0, 0, -0.05891518554687991, 0, 0, 0, 22, 24, 21, 0, 0, 0, 0, 0, 0, 0, 0, 0, 0, 0, 0, 0, 0, 0, 1
16236.619, 0.27038836666666666, 0, 0, 0.0, 398.0, 0, 100, 0, 100, 0, 17, 0, 18, 0, 17, 0, 0, 0, 0, 0, 0, 0, 0, 0, 0, 0, 0, 0, 0, 0, 0, 18, 18, 18, 18, 18, 17, 18, 17, 18, 17, 17, 17, 17, 17, 17, 17, 0, 4148.5, 0, 4158.4, 0, 0, 0, 0, 0, 0, -0.04208227539062648, 0, 0, 0, 22, 24, 21, 0, 0, 0, 0, 0, 0, 0, 0, 0, 0, 0, 0, 0, 0, 0, 1
16336.62, 0.27202031666666665, 0, 0, 0.0, 398.0, 0, 100, 0, 100, 0, 17, 0, 18, 0, 17, 0, 0, 0, 0, 0, 0, 0, 0, 0, 0, 0, 0, 0, 0, 0, 0, 18, 18, 18, 18, 18, 17, 18, 17, 18, 17, 17, 17, 17, 17, 17, 17, 0, 4148.5, 0, 4158.4, 0, 0, 0, 0, 0, 0, -0.04208227539062648, 0, 0, 0, 22, 24, 21, 0, 0, 0, 0, 0, 0, 0, 0, 0, 0, 0, 0, 0, 0, 0, 1
16436.736, 0.27369008333333333, 0, 0, 0.0, 398.0, 0, 100, 0, 100, 0, 17, 0, 18, 0, 17, 0, 0, 0, 0, 0, 0, 0, 0, 0, 0, 0, 0, 0, 0, 0, 0, 18, 18, 18, 18, 18, 17, 18, 17, 18, 17, 17, 17, 17, 17, 17, 17, 0, 4148.5, 0, 4158.4, 0, 0, 0, 0, 0, 0, -0.04208227539062648, 0, 0, 0, 22, 24, 21, 0, 0, 0, 0, 0, 0, 0, 0, 0, 0, 0, 0, 0, 0, 0, 1
16536.739, 0.2753646666666667, 0, 0, 0.0, 398.0, 0, 100, 0, 100, 0, 17, 0, 18, 0, 17, 0, 0, 0, 0, 0, 0, 0, 0, 0, 0, 0, 0, 0, 0, 0, 0, 18, 18, 18, 18, 18, 17, 18, 17, 18, 17, 17, 17, 17, 17, 17, 17, 0, 4148.5, 0, 4158.4, 0, 0, 0, 0, 0, 0, -0.04208227539062648, 0, 0, 0, 22, 24, 21, 0, 0, 0, 0, 0, 0, 0, 0, 0, 0, 0, 0, 0, 0, 0, 1
16656.613, 0.27701723333333333, 0, 0, 0.0, 398.0, 0, 100, 0, 100, 0, 17, 0, 18, 0, 17, 0, 0, 0, 0, 0, 0, 0, 0, 0, 0, 0, 0, 0, 0, 0, 0, 18, 18, 18, 18, 18, 17, 18, 17, 18, 17, 17, 17, 17, 17, 17, 17, 0, 4148.5, 0, 4158.4, 0, 0, 0, 0, 0, 0, -0.04208227539062648, 0, 0, 0, 22, 24, 21, 0, 0, 0, 0, 0, 0, 0, 0, 0, 0, 0, 0, 0, 0, 0, 1
16756.62, 0.2786810666666667, 0, 0, 0.0, 398.0, 0, 100, 0, 100, 0, 17, 0, 18, 0, 17, 0, 0, 0, 0, 0, 0, 0, 0, 0, 0, 0, 0, 0, 0, 0, 0, 18, 18, 18, 18, 18, 17, 18, 17, 18, 17, 17, 17, 17, 17, 17, 17, 0, 4148.5, 0, 4158.4, 0, 0, 0, 0, 0, 0, -0.05891518554687991, 0, 0, 0, 22, 24, 21, 0, 0, 0, 0, 0, 0, 0, 0, 0, 0, 0, 0, 0, 0, 0, 1
16857.616, 0.28035208333333334, 0, 0, 0.0, 398.0, 0, 100, 0, 100, 0, 17, 0, 18, 0, 17, 0, 0, 0, 0, 0, 0, 0, 0, 0, 0, 0, 0, 0, 0, 0, 0, 18, 18, 18, 18, 18, 17, 18, 17, 18, 17, 17, 17, 17, 17, 17, 17, 0, 4148.4, 0, 4158.4, 0, 0, 0, 0, 0, 0, -0.05891518554687991, 0, 0, 0, 22, 24, 21, 0, 0, 0, 0, 0, 0, 0, 0, 0, 0, 0, 0, 0, 0, 0, 1
16957.724, 0.28201435, 0, 0, 0.0, 398.0, 0, 100, 0, 100, 0, 17, 0, 18, 0, 17, 0, 0, 0, 0, 0, 0, 0, 0, 0, 0, 0, 0, 0, 0, 0, 0, 18, 18, 18, 18, 18, 17, 18, 17, 18, 17, 17, 17, 17, 17, 17, 17, 0, 4148.4, 0, 4158.4, 0, 0, 0, 0, 0, 0, -0.05891518554687991, 0, 0, 0, 22, 24, 21, 0, 0, 0, 0, 0, 0, 0, 0, 0, 0, 0, 0, 0, 0, 0, 1
17057.733, 0.2841015666666667, 0, 0, 0.0, 398.0, 0, 100, 0, 100, 0, 17, 0, 18, 0, 17, 0, 0, 0, 0, 0, 0, 0, 0, 0, 0, 0, 0, 0, 0, 0, 0, 18, 18, 18, 18, 18, 17, 18, 17, 18, 17, 17, 17, 17, 17, 17, 17, 0, 4148.5, 0, 4158.4, 0, 0, 0, 0, 0, 0, -0.05891518554687991, 0, 0, 0, 22, 24, 21, 0, 0, 0, 0, 0, 0, 0, 0, 0, 0, 0, 0, 0, 0, 0, 1
17157.765, 0.28569648333333336, 0, 0, 0.0, 398.0, 0, 100, 0, 100, 0, 17, 0, 18, 0, 17, 0, 0, 0, 0, 0, 0, 0, 0, 0, 0, 0, 0, 0, 0, 0, 0, 18, 18, 18, 18, 18, 17, 18, 17, 18, 17, 17, 17, 17, 17, 17, 17, 0, 4148.5, 0, 4158.4, 0, 0, 0, 0, 0, 0, -0.04208227539062648, 0, 0, 0, 22, 24, 21, 0, 0, 0, 0, 0, 0, 0, 0, 0, 0, 0, 0, 0, 0, 0, 1
17257.937, 0.28702035000000004, 0, 0, 0.0, 398.0, 0, 100, 0, 100, 0, 17, 0, 18, 0, 17, 0, 0, 0, 0, 0, 0, 0, 0, 0, 0, 0, 0, 0, 0, 0, 0, 18, 18, 18, 18, 18, 17, 18, 17, 18, 17, 17, 17, 17, 17, 17, 17, 0, 4148.4, 0, 4158.4, 0, 0, 0, 0, 0, 0, -0.04208227539062648, 0, 0, 0, 22, 24, 21, 0, 0, 0, 0, 0, 0, 0, 0, 0, 0, 0, 0, 0, 0, 0, 1
17370.411, 0.28868831666666667, 0, 0, 0.0, 398.0, 0, 100, 0, 100, 0, 17, 0, 18, 0, 17, 0, 0, 0, 0, 0, 0, 0, 0, 0, 0, 0, 0, 0, 0, 0, 0, 18, 18, 18, 18, 18, 17, 18, 17, 18, 17, 17, 17, 17, 17, 17, 17, 0, 4148.4, 0, 4158.4, 0, 0, 0, 0, 0, 0, -0.04208227539062648, 0, 0, 0, 22, 24, 21, 0, 0, 0, 0, 0, 0, 0, 0, 0, 0, 0, 0, 0, 0, 0, 1
17478.45, 0.2913075, 0, 0, 0.0, 398.0, 0, 100, 0, 100, 0, 17, 0, 18, 0, 17, 0, 0, 0, 0, 0, 0, 0, 0, 0, 0, 0, 0, 0, 0, 0, 0, 18, 18, 18, 18, 18, 17, 18, 17, 18, 17, 17, 17, 17, 17, 17, 17, 0, 4148.5, 0, 4158.4, 0, 0, 0, 0, 0, 0, -0.08416455078125296, 0, 0, 0, 22, 24, 21, 0, 0, 0, 0, 0, 0, 0, 0, 0, 0, 0, 0, 0, 0, 0, 1
17578.617, 0.2920335333333333, 0, 0, 0.0, 398.0, 0, 100, 0, 100, 0, 17, 0, 18, 0, 17, 0, 0, 0, 0, 0, 0, 0, 0, 0, 0, 0, 0, 0, 0, 0, 0, 18, 18, 18, 18, 18, 17, 18, 17, 18, 17, 17, 17, 17, 17, 17, 17, 0, 4148.5, 0, 4158.4, 0, 0, 0, 0, 0, 0, -0.08416455078125296, 0, 0, 0, 22, 24, 21, 0, 0, 0, 0, 0, 0, 0, 0, 0, 0, 0, 0, 0, 0, 0, 1
17678.751, 0.29464585, 0, 0, 0.0, 398.0, 0, 100, 0, 100, 0, 17, 0, 18, 0, 17, 0, 0, 0, 0, 0, 0, 0, 0, 0, 0, 0, 0, 0, 0, 0, 0, 18, 18, 18, 18, 18, 17, 18, 17, 18, 17, 17, 17, 17, 17, 17, 17, 0, 4148.4, 0, 4158.4, 0, 0, 0, 0, 0, 0, -0.05891518554687991, 0, 0, 0, 22, 24, 21, 0, 0, 0, 0, 0, 0, 0, 0, 0, 0, 0, 0, 0, 0, 0, 1
17779.612, 0.29535021666666667, 0, 0, 0.0, 398.0, 0, 100, 0, 100, 0, 17, 0, 18, 0, 17, 0, 0, 0, 0, 0, 0, 0, 0, 0, 0, 0, 0, 0, 0, 0, 0, 18, 18, 18, 18, 18, 17, 18, 17, 18, 17, 17, 17, 17, 17, 17, 17, 0, 4148.4, 0, 4158.4, 0, 0, 0, 0, 0, 0, -0.05891518554687991, 0, 0, 0, 22, 24, 21, 0, 0, 0, 0, 0, 0, 0, 0, 0, 0, 0, 0, 0, 0, 0, 1
17879.627, 0.2979926666666667, 0, 0, 0.0, 398.0, 0, 100, 0, 100, 0, 17, 0, 18, 0, 17, 0, 0, 0, 0, 0, 0, 0, 0, 0, 0, 0, 0, 0, 0, 0, 0, 18, 18, 18, 18, 18, 17, 18, 17, 18, 17, 17, 17, 17, 17, 17, 17, 0, 4148.4, 0, 4158.4, 0, 0, 0, 0, 0, 0, -0.05891518554687991, 0, 0, 0, 22, 24, 21, 0, 0, 0, 0, 0, 0, 0, 0, 0, 0, 0, 0, 0, 0, 0, 1
17979.716, 0.29868295, 0, 0, 0.0, 398.0, 0, 100, 0, 100, 0, 17, 0, 18, 0, 17, 0, 0, 0, 0, 0, 0, 0, 0, 0, 0, 0, 0, 0, 0, 0, 0, 18, 18, 18, 18, 18, 17, 18, 17, 18, 17, 17, 17, 17, 17, 17, 17, 0, 4148.4, 0, 4158.4, 0, 0, 0, 0, 0, 0, -0.05891518554687991, 0, 0, 0, 22, 24, 21, 0, 0, 0, 0, 0, 0, 0, 0, 0, 0, 0, 0, 0, 0, 0, 1
18079.73, 0.3013275, 0, 0, 0.0, 398.0, 0, 100, 0, 100, 0, 17, 0, 18, 0, 17, 0, 0, 0, 0, 0, 0, 0, 0, 0, 0, 0, 0, 0, 0, 0, 0, 18, 18, 18, 18, 18, 17, 18, 17, 18, 17, 17, 17, 17, 17, 17, 17, 0, 4148.5, 0, 4158.4, 0, 0, 0, 0, 0, 0, -0.05891518554687991, 0, 0, 0, 22, 24, 21, 0, 0, 0, 0, 0, 0, 0, 0, 0, 0, 0, 0, 0, 0, 0, 1
18179.733, 0.30203836666666667, 0, 0, 0.0, 398.0, 0, 100, 0, 100, 0, 17, 0, 18, 0, 17, 0, 0, 0, 0, 0, 0, 0, 0, 0, 0, 0, 0, 0, 0, 0, 0, 18, 18, 18, 18, 18, 17, 18, 17, 18, 17, 17, 17, 17, 17, 17, 17, 0, 4148.5, 0, 4158.4, 0, 0, 0, 0, 0, 0, -0.05891518554687991, 0, 0, 0, 22, 24, 21, 0, 0, 0, 0, 0, 0, 0, 0, 0, 0, 0, 0, 0, 0, 0, 1
18280.444, 0.30465610000000004, 0, 0, 0.0, 398.0, 0, 100, 0, 100, 0, 17, 0, 18, 0, 17, 0, 0, 0, 0, 0, 0, 0, 0, 0, 0, 0, 0, 0, 0, 0, 0, 18, 18, 18, 18, 18, 17, 18, 17, 18, 17, 17, 17, 17, 17, 17, 17, 0, 4148.4, 0, 4158.4, 0, 0, 0, 0, 0, 0, -0.05891518554687991, 0, 0, 0, 22, 24, 21, 0, 0, 0, 0, 0, 0, 0, 0, 0, 0, 0, 0, 0, 0, 0, 1
18380.73, 0.3056739833333333, 0, 0, 0.0, 398.0, 0, 100, 0, 100, 0, 17, 0, 18, 0, 17, 0, 0, 0, 0, 0, 0, 0, 0, 0, 0, 0, 0, 0, 0, 0, 0, 18, 18, 18, 18, 18, 17, 18, 17, 18, 17, 17, 17, 17, 17, 17, 17, 0, 4148.4, 0, 4158.4, 0, 0, 0, 0, 0, 0, -0.05891518554687991, 0, 0, 0, 22, 24, 21, 0, 0, 0, 0, 0, 0, 0, 0, 0, 0, 0, 0, 0, 0, 0, 1
18480.964, 0.30799021666666665, 0, 0, 0.0, 398.0, 0, 100, 0, 100, 0, 17, 0, 18, 0, 17, 0, 0, 0, 0, 0, 0, 0, 0, 0, 0, 0, 0, 0, 0, 0, 0, 18, 18, 18, 18, 18, 17, 18, 17, 18, 17, 17, 17, 17, 17, 17, 17, 0, 4148.4, 0, 4158.4, 0, 0, 0, 0, 0, 0, -0.05891518554687991, 0, 0, 0, 22, 24, 21, 0, 0, 0, 0, 0, 0, 0, 0, 0, 0, 0, 0, 0, 0, 0, 1
18581.191, 0.30934385000000003, 0, 0, 0.0, 398.0, 0, 100, 0, 100, 0, 17, 0, 18, 0, 17, 0, 0, 0, 0, 0, 0, 0, 0, 0, 0, 0, 0, 0, 0, 0, 0, 18, 18, 18, 18, 18, 17, 18, 17, 18, 17, 17, 17, 17, 17, 17, 17, 0, 4148.4, 0, 4158.4, 0, 0, 0, 0, 0, 0, -0.04208227539062648, 0, 0, 0, 22, 24, 21, 0, 0, 0, 0, 0, 0, 0, 0, 0, 0, 0, 0, 0, 0, 0, 1
18681.419, 0.31132703333333334, 0, 0, 0.0, 398.0, 0, 100, 0, 100, 0, 17, 0, 18, 0, 17, 0, 0, 0, 0, 0, 0, 0, 0, 0, 0, 0, 0, 0, 0, 0, 0, 18, 18, 18, 18, 18, 17, 18, 17, 18, 17, 17, 17, 17, 17, 17, 17, 0, 4148.4, 0, 4158.5, 0, 0, 0, 0, 0, 0, -0.04208227539062648, 0, 0, 0, 22, 24, 21, 0, 0, 0, 0, 0, 0, 0, 0, 0, 0, 0, 0, 0, 0, 0, 1
18800.629, 0.31269064999999996, 0, 0, 0.0, 398.0, 0, 100, 0, 100, 0, 17, 0, 18, 0, 17, 0, 0, 0, 0, 0, 0, 0, 0, 0, 0, 0, 0, 0, 0, 0, 0, 18, 18, 18, 18, 18, 17, 18, 17, 18, 17, 17, 17, 17, 17, 17, 17, 0, 4148.4, 0, 4158.5, 0, 0, 0, 0, 0, 0, -0.05891518554687991, 0, 0, 0, 22, 24, 21, 0, 0, 0, 0, 0, 0, 0, 0, 0, 0, 0, 0, 0, 0, 0, 1
18901.62, 0.31466416666666663, 0, 0, 0.0, 398.0, 0, 100, 0, 100, 0, 17, 0, 18, 0, 17, 0, 0, 0, 0, 0, 0, 0, 0, 0, 0, 0, 0, 0, 0, 0, 0, 18, 18, 18, 18, 18, 17, 18, 17, 18, 17, 17, 17, 17, 17, 17, 17, 0, 4148.4, 0, 4158.4, 0, 0, 0, 0, 0, 0, -0.05891518554687991, 0, 0, 0, 22, 24, 21, 0, 0, 0, 0, 0, 0, 0, 0, 0, 0, 0, 0, 0, 0, 0, 1
19001.621, 0.31627275000000005, 0, 0, 0.0, 398.0, 0, 100, 0, 100, 0, 17, 0, 18, 0, 17, 0, 0, 0, 0, 0, 0, 0, 0, 0, 0, 0, 0, 0, 0, 0, 0, 18, 18, 18, 18, 18, 17, 18, 17, 18, 17, 17, 17, 17, 17, 17, 17, 0, 4148.4, 0, 4158.4, 0, 0, 0, 0, 0, 0, -0.04208227539062648, 0, 0, 0, 22, 24, 21, 0, 0, 0, 0, 0, 0, 0, 0, 0, 0, 0, 0, 0, 0, 0, 1
19101.627, 0.3180026166666666, 0, 0, 0.0, 398.0, 0, 100, 0, 100, 0, 17, 0, 18, 0, 17, 0, 0, 0, 0, 0, 0, 0, 0, 0, 0, 0, 0, 0, 0, 0, 0, 18, 18, 18, 18, 18, 17, 18, 17, 18, 17, 17, 17, 17, 17, 17, 17, 0, 4148.4, 0, 4158.4, 0, 0, 0, 0, 0, 0, -0.04208227539062648, 0, 0, 0, 22, 24, 21, 0, 0, 0, 0, 0, 0, 0, 0, 0, 0, 0, 0, 0, 0, 0, 1
19201.736, 0.3197093166666667, 0, 0, 0.0, 398.0, 0, 100, 0, 100, 0, 17, 0, 18, 0, 17, 0, 0, 0, 0, 0, 0, 0, 0, 0, 0, 0, 0, 0, 0, 0, 0, 18, 18, 18, 18, 18, 17, 18, 17, 18, 17, 17, 17, 17, 17, 17, 17, 0, 4148.4, 0, 4158.4, 0, 0, 0, 0, 0, 0, -0.04208227539062648, 0, 0, 0, 22, 24, 21, 0, 0, 0, 0, 0, 0, 0, 0, 0, 0, 0, 0, 0, 0, 0, 1
19301.74, 0.3216218833333333, 0, 0, 0.0, 398.0, 0, 100, 0, 100, 0, 17, 0, 18, 0, 17, 0, 0, 0, 0, 0, 0, 0, 0, 0, 0, 0, 0, 0, 0, 0, 0, 18, 18, 18, 18, 18, 17, 18, 17, 18, 17, 17, 17, 17, 17, 17, 17, 0, 4148.4, 0, 4158.4, 0, 0, 0, 0, 0, 0, -0.05891518554687991, 0, 0, 0, 22, 24, 21, 0, 0, 0, 0, 0, 0, 0, 0, 0, 0, 0, 0, 0, 0, 0, 1
19401.771, 0.32336285000000003, 0, 0, 0.0, 398.0, 0, 100, 0, 100, 0, 17, 0, 18, 0, 17, 0, 0, 0, 0, 0, 0, 0, 0, 0, 0, 0, 0, 0, 0, 0, 0, 18, 18, 18, 18, 18, 17, 18, 17, 18, 17, 17, 17, 17, 17, 17, 17, 0, 4148.4, 0, 4158.4, 0, 0, 0, 0, 0, 0, -0.05891518554687991, 0, 0, 0, 22, 24, 21, 0, 0, 0, 0, 0, 0, 0, 0, 0, 0, 0, 0, 0, 0, 0, 1
19502.618, 0.32466228333333336, 0, 0, 0.0, 398.0, 0, 100, 0, 100, 0, 17, 0, 18, 0, 17, 0, 0, 0, 0, 0, 0, 0, 0, 0, 0, 0, 0, 0, 0, 0, 0, 18, 18, 18, 18, 18, 17, 18, 17, 18, 17, 17, 17, 17, 17, 17, 17, 0, 4148.5, 0, 4158.4, 0, 0, 0, 0, 0, 0, -0.05891518554687991, 0, 0, 0, 22, 24, 21, 0, 0, 0, 0, 0, 0, 0, 0, 0, 0, 0, 0, 0, 0, 0, 1
19602.623, 0.32536111666666667, 0, 0, 0.0, 398.0, 0, 100, 0, 100, 0, 17, 0, 18, 0, 17, 0, 0, 0, 0, 0, 0, 0, 0, 0, 0, 0, 0, 0, 0, 0, 0, 18, 18, 18, 18, 18, 17, 18, 17, 18, 17, 17, 17, 17, 17, 17, 17, 0, 4148.5, 0, 4158.4, 0, 0, 0, 0, 0, 0, -0.05891518554687991, 0, 0, 0, 22, 24, 21, 0, 0, 0, 0, 0, 0, 0, 0, 0, 0, 0, 0, 0, 0, 0, 1
19702.629, 0.32798896666666666, 0, 0, 0.0, 398.0, 0, 100, 0, 100, 0, 17, 0, 18, 0, 17, 0, 0, 0, 0, 0, 0, 0, 0, 0, 0, 0, 0, 0, 0, 0, 0, 18, 18, 18, 18, 18, 17, 18, 17, 18, 17, 17, 17, 17, 17, 17, 17, 0, 4148.4, 0, 4158.4, 0, 0, 0, 0, 0, 0, -0.04208227539062648, 0, 0, 0, 22, 24, 21, 0, 0, 0, 0, 0, 0, 0, 0, 0, 0, 0, 0, 0, 0, 0, 1
19802.662, 0.32868506666666664, 0, 0, 0.0, 398.0, 0, 100, 0, 100, 0, 17, 0, 18, 0, 17, 0, 0, 0, 0, 0, 0, 0, 0, 0, 0, 0, 0, 0, 0, 0, 0, 18, 18, 18, 18, 18, 17, 18, 17, 18, 17, 17, 17, 17, 17, 17, 17, 0, 4148.4, 0, 4158.4, 0, 0, 0, 0, 0, 0, -0.04208227539062648, 0, 0, 0, 22, 24, 21, 0, 0, 0, 0, 0, 0, 0, 0, 0, 0, 0, 0, 0, 0, 0, 1
19902.741, 0.33156263333333336, 0, 0, 0.0, 398.0, 0, 100, 0, 100, 0, 17, 0, 18, 0, 17, 0, 0, 0, 0, 0, 0, 0, 0, 0, 0, 0, 0, 0, 0, 0, 0, 18, 18, 18, 18, 18, 17, 18, 17, 18, 17, 17, 17, 17, 17, 17, 17, 0, 4148.4, 0, 4158.4, 0, 0, 0, 0, 0, 0, -0.05891518554687991, 0, 0, 0, 22, 24, 21, 0, 0, 0, 0, 0, 0, 0, 0, 0, 0, 0, 0, 0, 0, 0, 1
20017.028, 0.33202028333333333, 0, 0, 0.0, 398.0, 0, 100, 0, 100, 0, 17, 0, 18, 0, 17, 0, 0, 0, 0, 0, 0, 0, 0, 0, 0, 0, 0, 0, 0, 0, 0, 18, 18, 18, 18, 18, 17, 18, 17, 18, 17, 17, 17, 17, 17, 17, 17, 0, 4148.4, 0, 4158.4, 0, 0, 0, 0, 0, 0, -0.05891518554687991, 0, 0, 0, 22, 24, 21, 0, 0, 0, 0, 0, 0, 0, 0, 0, 0, 0, 0, 0, 0, 0, 1
20120.923, 0.33534871666666666, 0, 0, 0.0, 398.0, 0, 100, 0, 100, 0, 17, 0, 18, 0, 17, 0, 0, 0, 0, 0, 0, 0, 0, 0, 0, 0, 0, 0, 0, 0, 0, 18, 18, 18, 18, 18, 17, 18, 17, 18, 17, 17, 17, 17, 17, 17, 17, 0, 4148.5, 0, 4158.4, 0, 0, 0, 0, 0, 0, -0.05891518554687991, 0, 0, 0, 22, 24, 21, 0, 0, 0, 0, 0, 0, 0, 0, 0, 0, 0, 0, 0, 0, 0, 1
20221.429, 0.33702381666666664, 0, 0, 0.0, 398.0, 0, 100, 0, 100, 0, 17, 0, 18, 0, 17, 0, 0, 0, 0, 0, 0, 0, 0, 0, 0, 0, 0, 0, 0, 0, 0, 18, 18, 18, 18, 18, 17, 18, 17, 18, 17, 17, 17, 17, 17, 17, 17, 0, 4148.4, 0, 4158.4, 0, 0, 0, 0, 0, 0, -0.04208227539062648, 0, 0, 0, 22, 24, 21, 0, 0, 0, 0, 0, 0, 0, 0, 0, 0, 0, 0, 0, 0, 0, 1
20322.634, 0.33868446666666663, 0, 0, 0.0, 398.0, 0, 100, 0, 100, 0, 17, 0, 18, 0, 17, 0, 0, 0, 0, 0, 0, 0, 0, 0, 0, 0, 0, 0, 0, 0, 0, 18, 18, 18, 18, 18, 17, 18, 17, 18, 17, 17, 17, 17, 17, 17, 17, 0, 4148.4, 0, 4158.4, 0, 0, 0, 0, 0, 0, -0.04208227539062648, 0, 0, 0, 22, 24, 21, 0, 0, 0, 0, 0, 0, 0, 0, 0, 0, 0, 0, 0, 0, 0, 1
20423.636, 0.3403513833333333, 0, 0, 0.0, 398.0, 0, 100, 0, 100, 0, 17, 0, 18, 0, 17, 0, 0, 0, 0, 0, 0, 0, 0, 0, 0, 0, 0, 0, 0, 0, 0, 18, 18, 18, 18, 18, 17, 18, 17, 18, 17, 17, 17, 17, 17, 17, 17, 0, 4148.4, 0, 4158.4, 0, 0, 0, 0, 0, 0, -0.05891518554687991, 0, 0, 0, 22, 24, 21, 0, 0, 0, 0, 0, 0, 0, 0, 0, 0, 0, 0, 0, 0, 0, 1
20523.744, 0.3420287, 0, 0, 0.0, 398.0, 0, 100, 0, 100, 0, 17, 0, 18, 0, 17, 0, 0, 0, 0, 0, 0, 0, 0, 0, 0, 0, 0, 0, 0, 0, 0, 18, 18, 18, 18, 18, 17, 18, 17, 18, 17, 17, 17, 17, 17, 17, 17, 0, 4148.4, 0, 4158.4, 0, 0, 0, 0, 0, 0, -0.05891518554687991, 0, 0, 0, 22, 24, 21, 0, 0, 0, 0, 0, 0, 0, 0, 0, 0, 0, 0, 0, 0, 0, 1
20631.001, 0.3436862333333333, 0, 0, 0.0, 398.0, 0, 100, 0, 100, 0, 17, 0, 18, 0, 17, 0, 0, 0, 0, 0, 0, 0, 0, 0, 0, 0, 0, 0, 0, 0, 0, 18, 18, 18, 18, 18, 17, 18, 17, 18, 17, 17, 17, 17, 17, 17, 17, 0, 4148.5, 0, 4158.5, 0, 0, 0, 0, 0, 0, -0.04208227539062648, 0, 0, 0, 22, 24, 21, 0, 0, 0, 0, 0, 0, 0, 0, 0, 0, 0, 0, 0, 0, 0, 1
20731.224, 0.34535381666666665, 0, 0, 0.0, 398.0, 0, 100, 0, 100, 0, 17, 0, 18, 0, 17, 0, 0, 0, 0, 0, 0, 0, 0, 0, 0, 0, 0, 0, 0, 0, 0, 18, 18, 18, 18, 18, 17, 18, 17, 18, 17, 17, 17, 17, 17, 17, 17, 0, 4148.5, 0, 4158.5, 0, 0, 0, 0, 0, 0, -0.04208227539062648, 0, 0, 0, 22, 24, 21, 0, 0, 0, 0, 0, 0, 0, 0, 0, 0, 0, 0, 0, 0, 0, 1
20831.446, 0.3470214833333333, 0, 0, 0.0, 398.0, 0, 100, 0, 100, 0, 17, 0, 18, 0, 17, 0, 0, 0, 0, 0, 0, 0, 0, 0, 0, 0, 0, 0, 0, 0, 0, 18, 18, 18, 18, 18, 17, 18, 17, 18, 17, 17, 17, 17, 17, 17, 17, 0, 4148.4, 0, 4158.5, 0, 0, 0, 0, 0, 0, -0.04208227539062648, 0, 0, 0, 22, 24, 21, 0, 0, 0, 0, 0, 0, 0, 0, 0, 0, 0, 0, 0, 0, 0, 1
20944.646, 0.34868914999999995, 0, 0, 0.0, 398.0, 0, 100, 0, 100, 0, 17, 0, 18, 0, 17, 0, 0, 0, 0, 0, 0, 0, 0, 0, 0, 0, 0, 0, 0, 0, 0, 18, 18, 18, 18, 18, 17, 18, 17, 18, 17, 17, 17, 17, 17, 17, 17, 0, 4148.4, 0, 4158.5, 0, 0, 0, 0, 0, 0, -0.04208227539062648, 0, 0, 0, 22, 24, 21, 0, 0, 0, 0, 0, 0, 0, 0, 0, 0, 0, 0, 0, 0, 0, 1
21044.66, 0.35072074999999997, 0, 0, 0.0, 398.0, 0, 100, 0, 100, 0, 17, 0, 18, 0, 17, 0, 0, 0, 0, 0, 0, 0, 0, 0, 0, 0, 0, 0, 0, 0, 0, 18, 18, 18, 18, 18, 17, 18, 17, 18, 17, 17, 17, 17, 17, 17, 17, 0, 4148.4, 0, 4158.4, 0, 0, 0, 0, 0, 0, -0.08416455078125296, 0, 0, 0, 22, 24, 21, 0, 0, 0, 0, 0, 0, 0, 0, 0, 0, 0, 0, 0, 0, 0, 1
21144.742, 0.35209511666666665, 0, 0, 0.0, 398.0, 0, 100, 0, 100, 0, 17, 0, 18, 0, 17, 0, 0, 0, 0, 0, 0, 0, 0, 0, 0, 0, 0, 0, 0, 0, 0, 18, 18, 18, 18, 18, 17, 18, 17, 18, 17, 17, 17, 17, 17, 17, 17, 0, 4148.4, 0, 4158.4, 0, 0, 0, 0, 0, 0, -0.08416455078125296, 0, 0, 0, 22, 24, 21, 0, 0, 0, 0, 0, 0, 0, 0, 0, 0, 0, 0, 0, 0, 0, 1
21244.753, 0.3536846666666667, 0, 0, 0.0, 398.0, 0, 100, 0, 100, 0, 17, 0, 18, 0, 17, 0, 0, 0, 0, 0, 0, 0, 0, 0, 0, 0, 0, 0, 0, 0, 0, 18, 18, 18, 18, 18, 17, 18, 17, 18, 17, 17, 17, 17, 17, 17, 17, 0, 4148.5, 0, 4158.5, 0, 0, 0, 0, 0, 0, -0.08416455078125296, 0, 0, 0, 22, 24, 21, 0, 0, 0, 0, 0, 0, 0, 0, 0, 0, 0, 0, 0, 0, 0, 1
21344.754, 0.3553506, 0, 0, 0.0, 398.0, 0, 100, 0, 100, 0, 17, 0, 18, 0, 17, 0, 0, 0, 0, 0, 0, 0, 0, 0, 0, 0, 0, 0, 0, 0, 0, 18, 18, 18, 18, 18, 17, 18, 17, 18, 17, 17, 17, 17, 17, 17, 17, 0, 4148.5, 0, 4158.5, 0, 0, 0, 0, 0, 0, -0.04208227539062648, 0, 0, 0, 22, 24, 21, 0, 0, 0, 0, 0, 0, 0, 0, 0, 0, 0, 0, 0, 0, 0, 1
21464.63, 0.35701958333333333, 0, 0, 0.0, 398.0, 0, 100, 0, 100, 0, 17, 0, 18, 0, 17, 0, 0, 0, 0, 0, 0, 0, 0, 0, 0, 0, 0, 0, 0, 0, 0, 18, 18, 18, 18, 18, 17, 18, 17, 18, 17, 17, 17, 17, 17, 17, 17, 0, 4148.4, 0, 4158.4, 0, 0, 0, 0, 0, 0, -0.04208227539062648, 0, 0, 0, 22, 24, 21, 0, 0, 0, 0, 0, 0, 0, 0, 0, 0, 0, 0, 0, 0, 0, 1
21564.631, 0.35869518333333333, 0, 0, 0.0, 398.0, 0, 100, 0, 100, 0, 17, 0, 18, 0, 17, 0, 0, 0, 0, 0, 0, 0, 0, 0, 0, 0, 0, 0, 0, 0, 0, 18, 18, 18, 18, 18, 17, 18, 17, 18, 17, 17, 17, 17, 17, 17, 17, 0, 4148.4, 0, 4158.4, 0, 0, 0, 0, 0, 0, -0.05891518554687991, 0, 0, 0, 22, 24, 21, 0, 0, 0, 0, 0, 0, 0, 0, 0, 0, 0, 0, 0, 0, 0, 1
21665.631, 0.36035628333333336, 0, 0, 0.0, 398.0, 0, 100, 0, 100, 0, 17, 0, 18, 0, 17, 0, 0, 0, 0, 0, 0, 0, 0, 0, 0, 0, 0, 0, 0, 0, 0, 18, 18, 18, 18, 18, 17, 18, 17, 18, 17, 17, 17, 17, 17, 17, 17, 0, 4148.4, 0, 4158.4, 0, 0, 0, 0, 0, 0, -0.05891518554687991, 0, 0, 0, 22, 24, 21, 0, 0, 0, 0, 0, 0, 0, 0, 0, 0, 0, 0, 0, 0, 0, 1
21765.734, 0.36220611666666663, 0, 0, 0.0, 398.0, 0, 100, 0, 100, 0, 17, 0, 18, 0, 17, 0, 0, 0, 0, 0, 0, 0, 0, 0, 0, 0, 0, 0, 0, 0, 0, 18, 18, 18, 18, 18, 17, 18, 17, 18, 17, 17, 17, 17, 17, 17, 17, 0, 4148.4, 0, 4158.4, 0, 0, 0, 0, 0, 0, -0.05891518554687991, 0, 0, 0, 22, 24, 21, 0, 0, 0, 0, 0, 0, 0, 0, 0, 0, 0, 0, 0, 0, 0, 1
21865.748, 0.3636910333333333, 0, 0, 0.0, 398.0, 0, 100, 0, 100, 0, 17, 0, 18, 0, 17, 0, 0, 0, 0, 0, 0, 0, 0, 0, 0, 0, 0, 0, 0, 0, 0, 18, 18, 18, 18, 18, 17, 18, 17, 18, 17, 17, 17, 17, 17, 17, 17, 0, 4148.4, 0, 4158.4, 0, 0, 0, 0, 0, 0, -0.05891518554687991, 0, 0, 0, 22, 24, 21, 0, 0, 0, 0, 0, 0, 0, 0, 0, 0, 0, 0, 0, 0, 0, 1
21965.778, 0.36604048333333333, 0, 0, 0.0, 398.0, 0, 100, 0, 100, 0, 17, 0, 18, 0, 17, 0, 0, 0, 0, 0, 0, 0, 0, 0, 0, 0, 0, 0, 0, 0, 0, 18, 18, 18, 18, 18, 17, 18, 17, 18, 17, 17, 17, 17, 17, 17, 17, 0, 4148.4, 0, 4158.4, 0, 0, 0, 0, 0, 0, -0.08416455078125296, 0, 0, 0, 22, 24, 21, 0, 0, 0, 0, 0, 0, 0, 0, 0, 0, 0, 0, 0, 0, 0, 1
22078.263, 0.36797104999999997, 0, 0, 0.0, 398.0, 0, 100, 0, 100, 0, 17, 0, 18, 0, 17, 0, 0, 0, 0, 0, 0, 0, 0, 0, 0, 0, 0, 0, 0, 0, 0, 18, 18, 18, 18, 18, 17, 18, 17, 18, 17, 17, 17, 17, 17, 17, 17, 0, 4148.4, 0, 4158.4, 0, 0, 0, 0, 0, 0, -0.08416455078125296, 0, 0, 0, 22, 24, 21, 0, 0, 0, 0, 0, 0, 0, 0, 0, 0, 0, 0, 0, 0, 0, 1
22181.357, 0.3686831833333334, 0, 0, 0.0, 398.0, 0, 100, 0, 100, 0, 17, 0, 18, 0, 17, 0, 0, 0, 0, 0, 0, 0, 0, 0, 0, 0, 0, 0, 0, 0, 0, 18, 18, 18, 18, 18, 17, 18, 17, 18, 17, 17, 17, 17, 17, 17, 17, 0, 4148.4, 0, 4158.4, 0, 0, 0, 0, 0, 0, -0.08416455078125296, 0, 0, 0, 22, 24, 21, 0, 0, 0, 0, 0, 0, 0, 0, 0, 0, 0, 0, 0, 0, 0, 1
22281.61, 0.3713311166666666, 0, 0, 0.0, 398.0, 0, 100, 0, 100, 0, 17, 0, 18, 0, 17, 0, 0, 0, 0, 0, 0, 0, 0, 0, 0, 0, 0, 0, 0, 0, 0, 18, 18, 18, 18, 18, 17, 18, 17, 18, 17, 17, 17, 17, 17, 17, 17, 0, 4148.4, 0, 4158.4, 0, 0, 0, 0, 0, 0, -0.05891518554687991, 0, 0, 0, 22, 24, 21, 0, 0, 0, 0, 0, 0, 0, 0, 0, 0, 0, 0, 0, 0, 0, 1
22386.644, 0.37201948333333335, 0, 0, 0.0, 398.0, 0, 100, 0, 100, 0, 17, 0, 18, 0, 17, 0, 0, 0, 0, 0, 0, 0, 0, 0, 0, 0, 0, 0, 0, 0, 0, 18, 18, 18, 18, 18, 17, 18, 17, 18, 17, 17, 17, 17, 17, 17, 17, 0, 4148.4, 0, 4158.4, 0, 0, 0, 0, 0, 0, -0.05891518554687991, 0, 0, 0, 22, 24, 21, 0, 0, 0, 0, 0, 0, 0, 0, 0, 0, 0, 0, 0, 0, 0, 1
22487.469, 0.3746563666666667, 0, 0, 0.0, 398.0, 0, 100, 0, 100, 0, 17, 0, 18, 0, 17, 0, 0, 0, 0, 0, 0, 0, 0, 0, 0, 0, 0, 0, 0, 0, 0, 18, 18, 18, 18, 18, 17, 18, 17, 18, 17, 17, 17, 17, 17, 17, 17, 0, 4148.4, 0, 4158.5, 0, 0, 0, 0, 0, 0, -0.05891518554687991, 0, 0, 0, 22, 24, 21, 0, 0, 0, 0, 0, 0, 0, 0, 0, 0, 0, 0, 0, 0, 0, 1
22606.628, 0.37536403333333335, 0, 0, 0.0, 398.0, 0, 100, 0, 100, 0, 17, 0, 18, 0, 17, 0, 0, 0, 0, 0, 0, 0, 0, 0, 0, 0, 0, 0, 0, 0, 0, 18, 18, 18, 18, 18, 17, 18, 17, 18, 17, 17, 17, 17, 17, 17, 17, 0, 4148.4, 0, 4158.5, 0, 0, 0, 0, 0, 0, -0.05891518554687991, 0, 0, 0, 22, 24, 21, 0, 0, 0, 0, 0, 0, 0, 0, 0, 0, 0, 0, 0, 0, 0, 1
22706.635, 0.37799258333333335, 0, 0, 0.0, 398.0, 0, 100, 0, 100, 0, 17, 0, 18, 0, 17, 0, 0, 0, 0, 0, 0, 0, 0, 0, 0, 0, 0, 0, 0, 0, 0, 18, 18, 18, 18, 18, 17, 18, 17, 18, 17, 17, 17, 17, 17, 17, 17, 0, 4148.4, 0, 4158.4, 0, 0, 0, 0, 0, 0, -0.05891518554687991, 0, 0, 0, 22, 24, 21, 0, 0, 0, 0, 0, 0, 0, 0, 0, 0, 0, 0, 0, 0, 0, 1
22807.636, 0.37868884999999997, 0, 0, 0.0, 398.0, 0, 100, 0, 100, 0, 17, 0, 18, 0, 17, 0, 0, 0, 0, 0, 0, 0, 0, 0, 0, 0, 0, 0, 0, 0, 0, 18, 18, 18, 18, 18, 17, 18, 17, 18, 17, 17, 17, 17, 17, 17, 17, 0, 4148.4, 0, 4158.4, 0, 0, 0, 0, 0, 0, -0.05891518554687991, 0, 0, 0, 22, 24, 21, 0, 0, 0, 0, 0, 0, 0, 0, 0, 0, 0, 0, 0, 0, 0, 1
22907.747, 0.3813297, 0, 0, 0.0, 398.0, 0, 100, 0, 100, 0, 17, 0, 18, 0, 17, 0, 0, 0, 0, 0, 0, 0, 0, 0, 0, 0, 0, 0, 0, 0, 0, 18, 18, 18, 18, 18, 17, 18, 17, 18, 17, 17, 17, 17, 17, 17, 17, 0, 4148.4, 0, 4158.4, 0, 0, 0, 0, 0, 0, -0.05891518554687991, 0, 0, 0, 22, 24, 21, 0, 0, 0, 0, 0, 0, 0, 0, 0, 0, 0, 0, 0, 0, 0, 1
23007.753, 0.38202403333333335, 0, 0, 0.0, 398.0, 0, 100, 0, 100, 0, 17, 0, 18, 0, 17, 0, 0, 0, 0, 0, 0, 0, 0, 0, 0, 0, 0, 0, 0, 0, 0, 18, 18, 18, 18, 18, 17, 18, 17, 18, 17, 17, 17, 17, 17, 17, 17, 0, 4148.4, 0, 4158.4, 0, 0, 0, 0, 0, 0, -0.05891518554687991, 0, 0, 0, 22, 24, 21, 0, 0, 0, 0, 0, 0, 0, 0, 0, 0, 0, 0, 0, 0, 0, 1
23107.795, 0.38466453333333334, 0, 0, 0.0, 398.0, 0, 100, 0, 100, 0, 17, 0, 18, 0, 17, 0, 0, 0, 0, 0, 0, 0, 0, 0, 0, 0, 0, 0, 0, 0, 0, 18, 18, 18, 18, 18, 17, 18, 17, 18, 17, 17, 17, 17, 17, 17, 17, 0, 4148.4, 0, 4158.4, 0, 0, 0, 0, 0, 0, -0.05891518554687991, 0, 0, 0, 22, 24, 21, 0, 0, 0, 0, 0, 0, 0, 0, 0, 0, 0, 0, 0, 0, 0, 1
23219.887, 0.38535273333333336, 0, 0, 0.0, 398.0, 0, 100, 0, 100, 0, 17, 0, 18, 0, 17, 0, 0, 0, 0, 0, 0, 0, 0, 0, 0, 0, 0, 0, 0, 0, 0, 18, 18, 18, 18, 18, 17, 18, 17, 18, 17, 17, 17, 17, 17, 17, 17, 0, 4148.4, 0, 4158.4, 0, 0, 0, 0, 0, 0, -0.05891518554687991, 0, 0, 0, 22, 24, 21, 0, 0, 0, 0, 0, 0, 0, 0, 0, 0, 0, 0, 0, 0, 0, 1
23321.011, 0.38828884999999996, 0, 0, 0.0, 398.0, 0, 100, 0, 100, 0, 17, 0, 18, 0, 17, 0, 0, 0, 0, 0, 0, 0, 0, 0, 0, 0, 0, 0, 0, 0, 0, 18, 18, 18, 18, 18, 17, 18, 17, 18, 17, 17, 17, 17, 17, 17, 17, 0, 4148.5, 0, 4158.4, 0, 0, 0, 0, 0, 0, -0.05891518554687991, 0, 0, 0, 22, 24, 21, 0, 0, 0, 0, 0, 0, 0, 0, 0, 0, 0, 0, 0, 0, 0, 1
23421.3, 0.390355, 0, 0, 0.0, 398.0, 0, 100, 0, 100, 0, 17, 0, 18, 0, 17, 0, 0, 0, 0, 0, 0, 0, 0, 0, 0, 0, 0, 0, 0, 0, 0, 18, 18, 18, 18, 18, 17, 18, 17, 18, 17, 17, 17, 17, 17, 17, 17, 0, 4148.4, 0, 4158.4, 0, 0, 0, 0, 0, 0, -0.05891518554687991, 0, 0, 0, 22, 24, 21, 0, 0, 0, 0, 0, 0, 0, 0, 0, 0, 0, 0, 0, 0, 0, 1
23521.393, 0.3920232166666667, 0, 0, 0.0, 398.0, 0, 100, 0, 100, 0, 17, 0, 18, 0, 17, 0, 0, 0, 0, 0, 0, 0, 0, 0, 0, 0, 0, 0, 0, 0, 0, 18, 18, 18, 18, 18, 17, 18, 17, 18, 17, 17, 17, 17, 17, 17, 17, 0, 4148.4, 0, 4158.4, 0, 0, 0, 0, 0, 0, -0.05891518554687991, 0, 0, 0, 22, 24, 21, 0, 0, 0, 0, 0, 0, 0, 0, 0, 0, 0, 0, 0, 0, 0, 1
23621.429, 0.39369048333333334, 0, 0, 0.0, 398.0, 0, 100, 0, 100, 0, 17, 0, 18, 0, 17, 0, 0, 0, 0, 0, 0, 0, 0, 0, 0, 0, 0, 0, 0, 0, 0, 18, 18, 18, 18, 18, 17, 18, 17, 18, 17, 17, 17, 17, 17, 17, 17, 0, 4148.4, 0, 4158.4, 0, 0, 0, 0, 0, 0, -0.05891518554687991, 0, 0, 0, 22, 24, 21, 0, 0, 0, 0, 0, 0, 0, 0, 0, 0, 0, 0, 0, 0, 0, 1
23729.632, 0.39534811666666664, 0, 0, 0.0, 398.0, 0, 100, 0, 100, 0, 17, 0, 18, 0, 17, 0, 0, 0, 0, 0, 0, 0, 0, 0, 0, 0, 0, 0, 0, 0, 0, 18, 18, 18, 18, 18, 17, 18, 17, 18, 17, 17, 17, 17, 17, 17, 17, 0, 4148.4, 0, 4158.4, 0, 0, 0, 0, 0, 0, -0.05891518554687991, 0, 0, 0, 22, 24, 21, 0, 0, 0, 0, 0, 0, 0, 0, 0, 0, 0, 0, 0, 0, 0, 1
23829.64, 0.397017, 0, 0, 0.0, 398.0, 0, 100, 0, 100, 0, 17, 0, 18, 0, 17, 0, 0, 0, 0, 0, 0, 0, 0, 0, 0, 0, 0, 0, 0, 0, 0, 18, 18, 18, 18, 18, 17, 18, 17, 18, 17, 17, 17, 17, 17, 17, 17, 0, 4148.5, 0, 4158.5, 0, 0, 0, 0, 0, 0, -0.04208227539062648, 0, 0, 0, 22, 24, 21, 0, 0, 0, 0, 0, 0, 0, 0, 0, 0, 0, 0, 0, 0, 0, 1
23929.753, 0.3986834166666667, 0, 0, 0.0, 398.0, 0, 100, 0, 100, 0, 17, 0, 18, 0, 17, 0, 0, 0, 0, 0, 0, 0, 0, 0, 0, 0, 0, 0, 0, 0, 0, 18, 18, 18, 18, 18, 17, 18, 17, 18, 17, 17, 17, 17, 17, 17, 17, 0, 4148.5, 0, 4158.5, 0, 0, 0, 0, 0, 0, -0.04208227539062648, 0, 0, 0, 22, 24, 21, 0, 0, 0, 0, 0, 0, 0, 0, 0, 0, 0, 0, 0, 0, 0, 1
24029.803, 0.40046995, 0, 0, 0.0, 398.0, 0, 100, 0, 100, 0, 17, 0, 18, 0, 17, 0, 0, 0, 0, 0, 0, 0, 0, 0, 0, 0, 0, 0, 0, 0, 0, 18, 18, 18, 18, 18, 17, 18, 17, 18, 17, 17, 17, 17, 17, 17, 17, 0, 4148.5, 0, 4158.5, 0, 0, 0, 0, 0, 0, -0.04208227539062648, 0, 0, 0, 22, 24, 21, 0, 0, 0, 0, 0, 0, 0, 0, 0, 0, 0, 0, 0, 0, 0, 1
24130.033, 0.40216721666666666, 0, 0, 0.0, 398.0, 0, 100, 0, 100, 0, 17, 0, 18, 0, 17, 0, 0, 0, 0, 0, 0, 0, 0, 0, 0, 0, 0, 0, 0, 0, 0, 18, 18, 18, 18, 18, 17, 18, 17, 18, 17, 17, 17, 17, 17, 17, 17, 0, 4148.5, 0, 4158.3, 0, 0, 0, 0, 0, 0, -0.04208227539062648, 0, 0, 0, 22, 24, 21, 0, 0, 0, 0, 0, 0, 0, 0, 0, 0, 0, 0, 0, 0, 0, 1
24231.084, 0.40368811666666665, 0, 0, 0.0, 398.0, 0, 100, 0, 100, 0, 17, 0, 18, 0, 17, 0, 0, 0, 0, 0, 0, 0, 0, 0, 0, 0, 0, 0, 0, 0, 0, 18, 18, 18, 18, 18, 17, 18, 17, 18, 17, 17, 17, 17, 17, 17, 17, 0, 4148.5, 0, 4158.4, 0, 0, 0, 0, 0, 0, -0.04208227539062648, 0, 0, 0, 22, 24, 21, 0, 0, 0, 0, 0, 0, 0, 0, 0, 0, 0, 0, 0, 0, 0, 1
24331.247, 0.40551675000000004, 0, 0, 0.0, 398.0, 0, 100, 0, 100, 0, 17, 0, 18, 0, 17, 0, 0, 0, 0, 0, 0, 0, 0, 0, 0, 0, 0, 0, 0, 0, 0, 18, 18, 18, 18, 18, 17, 18, 17, 18, 17, 17, 17, 17, 17, 17, 17, 0, 4148.5, 0, 4158.4, 0, 0, 0, 0, 0, 0, -0.04208227539062648, 0, 0, 0, 22, 24, 21, 0, 0, 0, 0, 0, 0, 0, 0, 0, 0, 0, 0, 0, 0, 0, 1
24431.572, 0.40702381666666665, 0, 0, 0.0, 398.0, 0, 100, 0, 100, 0, 17, 0, 18, 0, 17, 0, 0, 0, 0, 0, 0, 0, 0, 0, 0, 0, 0, 0, 0, 0, 0, 18, 18, 18, 18, 18, 17, 18, 17, 18, 17, 17, 17, 17, 17, 17, 17, 0, 4148.4, 0, 4158.4, 0, 0, 0, 0, 0, 0, -0.04208227539062648, 0, 0, 0, 22, 24, 21, 0, 0, 0, 0, 0, 0, 0, 0, 0, 0, 0, 0, 0, 0, 0, 1
24550.651, 0.40869941666666665, 0, 0, 0.0, 398.0, 0, 100, 0, 100, 0, 17, 0, 18, 0, 17, 0, 0, 0, 0, 0, 0, 0, 0, 0, 0, 0, 0, 0, 0, 0, 0, 18, 18, 18, 18, 18, 17, 18, 17, 18, 17, 17, 17, 17, 17, 17, 17, 0, 4148.4, 0, 4158.4, 0, 0, 0, 0, 0, 0, -0.05891518554687991, 0, 0, 0, 22, 24, 21, 0, 0, 0, 0, 0, 0, 0, 0, 0, 0, 0, 0, 0, 0, 0, 1
24650.77, 0.4103513833333333, 0, 0, 0.0, 398.0, 0, 100, 0, 100, 0, 17, 0, 18, 0, 17, 0, 0, 0, 0, 0, 0, 0, 0, 0, 0, 0, 0, 0, 0, 0, 0, 18, 18, 18, 18, 18, 17, 18, 17, 18, 17, 17, 17, 17, 17, 17, 17, 0, 4148.4, 0, 4158.4, 0, 0, 0, 0, 0, 0, -0.05891518554687991, 0, 0, 0, 22, 24, 21, 0, 0, 0, 0, 0, 0, 0, 0, 0, 0, 0, 0, 0, 0, 0, 1
24750.771, 0.4120238666666667, 0, 0, 0.0, 398.0, 0, 100, 0, 100, 0, 17, 0, 18, 0, 17, 0, 0, 0, 0, 0, 0, 0, 0, 0, 0, 0, 0, 0, 0, 0, 0, 18, 18, 18, 18, 18, 17, 18, 17, 18, 17, 17, 17, 17, 17, 17, 17, 0, 4148.4, 0, 4158.4, 0, 0, 0, 0, 0, 0, -0.05891518554687991, 0, 0, 0, 22, 24, 21, 0, 0, 0, 0, 0, 0, 0, 0, 0, 0, 0, 0, 0, 0, 0, 1
24850.802, 0.41368428333333335, 0, 0, 0.0, 398.0, 0, 100, 0, 100, 0, 17, 0, 18, 0, 17, 0, 0, 0, 0, 0, 0, 0, 0, 0, 0, 0, 0, 0, 0, 0, 0, 18, 18, 18, 18, 18, 17, 18, 17, 18, 17, 17, 17, 17, 17, 17, 17, 0, 4148.4, 0, 4158.3, 0, 0, 0, 0, 0, 0, -0.05891518554687991, 0, 0, 0, 22, 24, 21, 0, 0, 0, 0, 0, 0, 0, 0, 0, 0, 0, 0, 0, 0, 0, 1
24970.633, 0.41576298333333334, 0, 0, 0.0, 398.0, 0, 100, 0, 100, 0, 17, 0, 18, 0, 17, 0, 0, 0, 0, 0, 0, 0, 0, 0, 0, 0, 0, 0, 0, 0, 0, 18, 18, 18, 18, 18, 17, 18, 17, 18, 17, 17, 17, 17, 17, 17, 17, 0, 4148.4, 0, 4158.3, 0, 0, 0, 0, 0, 0, -0.05891518554687991, 0, 0, 0, 22, 24, 21, 0, 0, 0, 0, 0, 0, 0, 0, 0, 0, 0, 0, 0, 0, 0, 1
25070.638, 0.41738871666666666, 0, 0, 0.0, 398.0, 0, 100, 0, 100, 0, 17, 0, 18, 0, 17, 0, 0, 0, 0, 0, 0, 0, 0, 0, 0, 0, 0, 0, 0, 0, 0, 18, 18, 18, 18, 18, 17, 18, 17, 18, 17, 17, 17, 17, 17, 17, 17, 0, 4148.4, 0, 4158.3, 0, 0, 0, 0, 0, 0, -0.05891518554687991, 0, 0, 0, 22, 24, 21, 0, 0, 0, 0, 0, 0, 0, 0, 0, 0, 0, 0, 0, 0, 0, 1
25170.753, 0.41868738333333333, 0, 0, 0.0, 398.0, 0, 100, 0, 100, 0, 17, 0, 18, 0, 17, 0, 0, 0, 0, 0, 0, 0, 0, 0, 0, 0, 0, 0, 0, 0, 0, 18, 18, 18, 18, 18, 17, 18, 17, 18, 17, 17, 17, 17, 17, 17, 17, 0, 4148.4, 0, 4158.3, 0, 0, 0, 0, 0, 0, -0.05891518554687991, 0, 0, 0, 22, 24, 21, 0, 0, 0, 0, 0, 0, 0, 0, 0, 0, 0, 0, 0, 0, 0, 1
25271.642, 0.4203574333333333, 0, 0, 0.0, 398.0, 0, 100, 0, 100, 0, 17, 0, 18, 0, 17, 0, 0, 0, 0, 0, 0, 0, 0, 0, 0, 0, 0, 0, 0, 0, 0, 18, 18, 18, 18, 18, 17, 18, 17, 18, 17, 17, 17, 17, 17, 17, 17, 0, 4148.4, 0, 4158.5, 0, 0, 0, 0, 0, 0, -0.05891518554687991, 0, 0, 0, 22, 24, 21, 0, 0, 0, 0, 0, 0, 0, 0, 0, 0, 0, 0, 0, 0, 0, 1
25371.643, 0.42202090000000003, 0, 0, 0.0, 398.0, 0, 100, 0, 100, 0, 17, 0, 18, 0, 17, 0, 0, 0, 0, 0, 0, 0, 0, 0, 0, 0, 0, 0, 0, 0, 0, 18, 18, 18, 18, 18, 17, 18, 17, 18, 17, 17, 17, 17, 17, 17, 17, 0, 4148.4, 0, 4158.5, 0, 0, 0, 0, 0, 0, -0.05891518554687991, 0, 0, 0, 22, 24, 21, 0, 0, 0, 0, 0, 0, 0, 0, 0, 0, 0, 0, 0, 0, 0, 1
25471.653, 0.4236849666666667, 0, 0, 0.0, 398.0, 0, 100, 0, 100, 0, 17, 0, 18, 0, 17, 0, 0, 0, 0, 0, 0, 0, 0, 0, 0, 0, 0, 0, 0, 0, 0, 18, 18, 18, 18, 18, 17, 18, 17, 18, 17, 17, 17, 17, 17, 17, 17, 0, 4148.4, 0, 4158.5, 0, 0, 0, 0, 0, 0, -0.04208227539062648, 0, 0, 0, 22, 24, 21, 0, 0, 0, 0, 0, 0, 0, 0, 0, 0, 0, 0, 0, 0, 0, 1
25572.643, 0.4253593, 0, 0, 0.0, 398.0, 0, 100, 0, 100, 0, 17, 0, 18, 0, 17, 0, 0, 0, 0, 0, 0, 0, 0, 0, 0, 0, 0, 0, 0, 0, 0, 18, 18, 18, 18, 18, 17, 18, 17, 18, 17, 17, 17, 17, 17, 17, 17, 0, 4148.4, 0, 4158.5, 0, 0, 0, 0, 0, 0, -0.04208227539062648, 0, 0, 0, 22, 24, 21, 0, 0, 0, 0, 0, 0, 0, 0, 0, 0, 0, 0, 0, 0, 0, 1
25672.646, 0.42724616666666665, 0, 0, 0.0, 398.0, 0, 100, 0, 100, 0, 17, 0, 18, 0, 17, 0, 0, 0, 0, 0, 0, 0, 0, 0, 0, 0, 0, 0, 0, 0, 0, 18, 18, 18, 18, 18, 17, 18, 17, 18, 17, 17, 17, 17, 17, 17, 17, 0, 4148.4, 0, 4158.4, 0, 0, 0, 0, 0, 0, -0.04208227539062648, 0, 0, 0, 22, 24, 21, 0, 0, 0, 0, 0, 0, 0, 0, 0, 0, 0, 0, 0, 0, 0, 1
25772.673, 0.42868386666666664, 0, 0, 0.0, 398.0, 0, 100, 0, 100, 0, 17, 0, 18, 0, 17, 0, 0, 0, 0, 0, 0, 0, 0, 0, 0, 0, 0, 0, 0, 0, 0, 18, 18, 18, 18, 18, 17, 18, 17, 18, 17, 17, 17, 17, 17, 17, 17, 0, 4148.4, 0, 4158.4, 0, 0, 0, 0, 0, 0, -0.04208227539062648, 0, 0, 0, 22, 24, 21, 0, 0, 0, 0, 0, 0, 0, 0, 0, 0, 0, 0, 0, 0, 0, 1
25872.761, 0.4310660333333333, 0, 0, 0.0, 398.0, 0, 100, 0, 100, 0, 17, 0, 18, 0, 17, 0, 0, 0, 0, 0, 0, 0, 0, 0, 0, 0, 0, 0, 0, 0, 0, 18, 18, 18, 18, 18, 17, 18, 17, 18, 17, 17, 17, 17, 17, 17, 17, 0, 4148.4, 0, 4158.4, 0, 0, 0, 0, 0, 0, -0.05891518554687991, 0, 0, 0, 22, 24, 21, 0, 0, 0, 0, 0, 0, 0, 0, 0, 0, 0, 0, 0, 0, 0, 1
25972.763, 0.43201853333333334, 0, 0, 0.0, 398.0, 0, 100, 0, 100, 0, 17, 0, 18, 0, 17, 0, 0, 0, 0, 0, 0, 0, 0, 0, 0, 0, 0, 0, 0, 0, 0, 18, 18, 18, 18, 18, 17, 18, 17, 18, 17, 17, 17, 17, 17, 17, 17, 0, 4148.4, 0, 4158.4, 0, 0, 0, 0, 0, 0, -0.05891518554687991, 0, 0, 0, 22, 24, 21, 0, 0, 0, 0, 0, 0, 0, 0, 0, 0, 0, 0, 0, 0, 0, 1
26072.799, 0.4342392333333333, 0, 0, 0.0, 398.0, 0, 100, 0, 100, 0, 17, 0, 18, 0, 17, 0, 0, 0, 0, 0, 0, 0, 0, 0, 0, 0, 0, 0, 0, 0, 0, 18, 18, 18, 18, 18, 17, 18, 17, 18, 17, 17, 17, 17, 17, 17, 17, 0, 4148.5, 0, 4158.4, 0, 0, 0, 0, 0, 0, -0.05891518554687991, 0, 0, 0, 22, 24, 21, 0, 0, 0, 0, 0, 0, 0, 0, 0, 0, 0, 0, 0, 0, 0, 1
26180.899, 0.43535731666666666, 0, 0, 0.0, 398.0, 0, 100, 0, 100, 0, 17, 0, 18, 0, 17, 0, 0, 0, 0, 0, 0, 0, 0, 0, 0, 0, 0, 0, 0, 0, 0, 18, 18, 18, 18, 18, 17, 18, 17, 18, 17, 17, 17, 17, 17, 17, 17, 0, 4148.5, 0, 4158.4, 0, 0, 0, 0, 0, 0, -0.05891518554687991, 0, 0, 0, 22, 24, 21, 0, 0, 0, 0, 0, 0, 0, 0, 0, 0, 0, 0, 0, 0, 0, 1
26281.139, 0.43799214999999997, 0, 0, 0.0, 398.0, 0, 100, 0, 100, 0, 17, 0, 18, 0, 17, 0, 0, 0, 0, 0, 0, 0, 0, 0, 0, 0, 0, 0, 0, 0, 0, 18, 18, 18, 18, 18, 17, 18, 17, 18, 17, 17, 17, 17, 17, 17, 17, 0, 4148.5, 0, 4158.4, 0, 0, 0, 0, 0, 0, -0.05891518554687991, 0, 0, 0, 22, 24, 21, 0, 0, 0, 0, 0, 0, 0, 0, 0, 0, 0, 0, 0, 0, 0, 1
26381.375, 0.43873075, 0, 0, 0.0, 398.0, 0, 100, 0, 100, 0, 17, 0, 18, 0, 17, 0, 0, 0, 0, 0, 0, 0, 0, 0, 0, 0, 0, 0, 0, 0, 0, 18, 18, 18, 18, 18, 17, 18, 17, 18, 17, 17, 17, 17, 17, 17, 17, 0, 4148.5, 0, 4158.4, 0, 0, 0, 0, 0, 0, -0.04208227539062648, 0, 0, 0, 22, 24, 21, 0, 0, 0, 0, 0, 0, 0, 0, 0, 0, 0, 0, 0, 0, 0, 1
26481.61, 0.4413287166666667, 0, 0, 0.0, 398.0, 0, 100, 0, 100, 0, 17, 0, 18, 0, 17, 0, 0, 0, 0, 0, 0, 0, 0, 0, 0, 0, 0, 0, 0, 0, 0, 18, 18, 18, 18, 18, 17, 18, 17, 18, 17, 17, 17, 17, 17, 17, 17, 0, 4148.5, 0, 4158.4, 0, 0, 0, 0, 0, 0, -0.04208227539062648, 0, 0, 0, 22, 24, 21, 0, 0, 0, 0, 0, 0, 0, 0, 0, 0, 0, 0, 0, 0, 0, 1
26593.656, 0.4425911, 0, 0, 0.0, 398.0, 0, 100, 0, 100, 0, 17, 0, 18, 0, 17, 0, 0, 0, 0, 0, 0, 0, 0, 0, 0, 0, 0, 0, 0, 0, 0, 18, 18, 18, 18, 18, 17, 18, 17, 18, 17, 17, 17, 17, 17, 17, 17, 0, 4148.5, 0, 4158.4, 0, 0, 0, 0, 0, 0, -0.04208227539062648, 0, 0, 0, 22, 24, 21, 0, 0, 0, 0, 0, 0, 0, 0, 0, 0, 0, 0, 0, 0, 0, 1
26694.484, 0.44466275, 0, 0, 0.0, 398.0, 0, 100, 0, 100, 0, 17, 0, 18, 0, 17, 0, 0, 0, 0, 0, 0, 0, 0, 0, 0, 0, 0, 0, 0, 0, 0, 18, 18, 18, 18, 18, 17, 18, 17, 18, 17, 17, 17, 17, 17, 17, 17, 0, 4148.4, 0, 4158.4, 0, 0, 0, 0, 0, 0, -0.04208227539062648, 0, 0, 0, 22, 24, 21, 0, 0, 0, 0, 0, 0, 0, 0, 0, 0, 0, 0, 0, 0, 0, 1
26794.659, 0.4464117166666667, 0, 0, 0.0, 398.0, 0, 100, 0, 100, 0, 17, 0, 18, 0, 17, 0, 0, 0, 0, 0, 0, 0, 0, 0, 0, 0, 0, 0, 0, 0, 0, 18, 18, 18, 18, 18, 17, 18, 17, 18, 17, 17, 17, 17, 17, 17, 17, 0, 4148.4, 0, 4158.4, 0, 0, 0, 0, 0, 0, -0.05891518554687991, 0, 0, 0, 22, 24, 21, 0, 0, 0, 0, 0, 0, 0, 0, 0, 0, 0, 0, 0, 0, 0, 1
26894.775, 0.44799625000000004, 0, 0, 0.0, 398.0, 0, 100, 0, 100, 0, 17, 0, 18, 0, 17, 0, 0, 0, 0, 0, 0, 0, 0, 0, 0, 0, 0, 0, 0, 0, 0, 18, 18, 18, 18, 18, 17, 18, 17, 18, 17, 17, 17, 17, 17, 17, 17, 0, 4148.5, 0, 4158.4, 0, 0, 0, 0, 0, 0, -0.05891518554687991, 0, 0, 0, 22, 24, 21, 0, 0, 0, 0, 0, 0, 0, 0, 0, 0, 0, 0, 0, 0, 0, 1
26994.861, 0.4486875, 0, 0, 0.0, 398.0, 0, 100, 0, 100, 0, 17, 0, 18, 0, 17, 0, 0, 0, 0, 0, 0, 0, 0, 0, 0, 0, 0, 0, 0, 0, 0, 18, 18, 18, 18, 18, 17, 18, 17, 18, 17, 17, 17, 17, 17, 17, 17, 0, 4148.5, 0, 4158.4, 0, 0, 0, 0, 0, 0, -0.05891518554687991, 0, 0, 0, 22, 24, 21, 0, 0, 0, 0, 0, 0, 0, 0, 0, 0, 0, 0, 0, 0, 0, 1
27098.656, 0.45133581666666667, 0, 0, 0.0, 398.0, 0, 100, 0, 100, 0, 17, 0, 18, 0, 17, 0, 0, 0, 0, 0, 0, 0, 0, 0, 0, 0, 0, 0, 0, 0, 0, 18, 18, 18, 18, 18, 17, 18, 17, 18, 17, 17, 17, 17, 17, 17, 17, 0, 4148.5, 0, 4158.4, 0, 0, 0, 0, 0, 0, -0.05891518554687991, 0, 0, 0, 22, 24, 21, 0, 0, 0, 0, 0, 0, 0, 0, 0, 0, 0, 0, 0, 0, 0, 1
27214.646, 0.4522622, 0, 0, 0.0, 398.0, 0, 100, 0, 100, 0, 17, 0, 18, 0, 17, 0, 0, 0, 0, 0, 0, 0, 0, 0, 0, 0, 0, 0, 0, 0, 0, 18, 18, 18, 18, 18, 17, 18, 17, 18, 17, 17, 17, 17, 17, 17, 17, 0, 4148.5, 0, 4158.4, 0, 0, 0, 0, 0, 0, -0.05891518554687991, 0, 0, 0, 22, 24, 21, 0, 0, 0, 0, 0, 0, 0, 0, 0, 0, 0, 0, 0, 0, 0, 1
27314.649, 0.4549567333333333, 0, 0, 0.0, 398.0, 0, 100, 0, 100, 0, 17, 0, 18, 0, 17, 0, 0, 0, 0, 0, 0, 0, 0, 0, 0, 0, 0, 0, 0, 0, 0, 18, 18, 18, 18, 18, 17, 18, 17, 18, 17, 17, 17, 17, 17, 17, 17, 0, 4148.4, 0, 4158.4, 0, 0, 0, 0, 0, 0, -0.05891518554687991, 0, 0, 0, 22, 24, 21, 0, 0, 0, 0, 0, 0, 0, 0, 0, 0, 0, 0, 0, 0, 0, 1
27414.653, 0.45592803333333337, 0, 0, 0.0, 398.0, 0, 100, 0, 100, 0, 17, 0, 18, 0, 17, 0, 0, 0, 0, 0, 0, 0, 0, 0, 0, 0, 0, 0, 0, 0, 0, 18, 18, 18, 18, 18, 17, 18, 17, 18, 17, 17, 17, 17, 17, 17, 17, 0, 4148.4, 0, 4158.4, 0, 0, 0, 0, 0, 0, -0.05891518554687991, 0, 0, 0, 22, 24, 21, 0, 0, 0, 0, 0, 0, 0, 0, 0, 0, 0, 0, 0, 0, 0, 1
27514.656, 0.45799311666666664, 0, 0, 0.0, 398.0, 0, 100, 0, 100, 0, 17, 0, 18, 0, 17, 0, 0, 0, 0, 0, 0, 0, 0, 0, 0, 0, 0, 0, 0, 0, 0, 18, 18, 18, 18, 18, 17, 18, 17, 18, 17, 17, 17, 17, 17, 17, 17, 0, 4148.4, 0, 4158.4, 0, 0, 0, 0, 0, 0, -0.05891518554687991, 0, 0, 0, 22, 24, 21, 0, 0, 0, 0, 0, 0, 0, 0, 0, 0, 0, 0, 0, 0, 0, 1
27615.652, 0.4595906833333333, 0, 0, 0.0, 398.0, 0, 100, 0, 100, 0, 17, 0, 18, 0, 17, 0, 0, 0, 0, 0, 0, 0, 0, 0, 0, 0, 0, 0, 0, 0, 0, 18, 18, 18, 18, 18, 17, 18, 17, 18, 17, 17, 17, 17, 17, 17, 17, 0, 4148.4, 0, 4158.4, 0, 0, 0, 0, 0, 0, -0.05891518554687991, 0, 0, 0, 22, 24, 21, 0, 0, 0, 0, 0, 0, 0, 0, 0, 0, 0, 0, 0, 0, 0, 1
27715.766, 0.46174148333333337, 0, 0, 0.0, 398.0, 0, 100, 0, 100, 0, 17, 0, 18, 0, 17, 0, 0, 0, 0, 0, 0, 0, 0, 0, 0, 0, 0, 0, 0, 0, 0, 18, 18, 18, 18, 18, 17, 18, 17, 18, 17, 17, 17, 17, 17, 17, 17, 0, 4148.4, 0, 4158.3, 0, 0, 0, 0, 0, 0, -0.04208227539062648, 0, 0, 0, 22, 24, 21, 0, 0, 0, 0, 0, 0, 0, 0, 0, 0, 0, 0, 0, 0, 0, 1
27815.772, 0.46294155, 0, 0, 0.0, 398.0, 0, 100, 0, 100, 0, 17, 0, 18, 0, 17, 0, 0, 0, 0, 0, 0, 0, 0, 0, 0, 0, 0, 0, 0, 0, 0, 18, 18, 18, 18, 18, 17, 18, 17, 18, 17, 17, 17, 17, 17, 17, 17, 0, 4148.4, 0, 4158.3, 0, 0, 0, 0, 0, 0, -0.04208227539062648, 0, 0, 0, 22, 24, 21, 0, 0, 0, 0, 0, 0, 0, 0, 0, 0, 0, 0, 0, 0, 0, 1
27915.797, 0.46466216666666665, 0, 0, 0.0, 398.0, 0, 100, 0, 100, 0, 17, 0, 18, 0, 17, 0, 0, 0, 0, 0, 0, 0, 0, 0, 0, 0, 0, 0, 0, 0, 0, 18, 18, 18, 18, 18, 17, 18, 17, 18, 17, 17, 17, 17, 17, 17, 17, 0, 4148.5, 0, 4158.4, 0, 0, 0, 0, 0, 0, -0.04208227539062648, 0, 0, 0, 22, 24, 21, 0, 0, 0, 0, 0, 0, 0, 0, 0, 0, 0, 0, 0, 0, 0, 1
28017.002, 0.4666082, 0, 0, 0.0, 398.0, 0, 100, 0, 100, 0, 17, 0, 18, 0, 17, 0, 0, 0, 0, 0, 0, 0, 0, 0, 0, 0, 0, 0, 0, 0, 0, 18, 18, 18, 18, 18, 17, 18, 17, 18, 17, 17, 17, 17, 17, 17, 17, 0, 4148.5, 0, 4158.4, 0, 0, 0, 0, 0, 0, -0.05891518554687991, 0, 0, 0, 22, 24, 21, 0, 0, 0, 0, 0, 0, 0, 0, 0, 0, 0, 0, 0, 0, 0, 1
28121.269, 0.46868781666666665, 0, 0, 0.0, 398.0, 0, 100, 0, 100, 0, 17, 0, 18, 0, 17, 0, 0, 0, 0, 0, 0, 0, 0, 0, 0, 0, 0, 0, 0, 0, 0, 18, 18, 18, 18, 18, 17, 18, 17, 18, 17, 17, 17, 17, 17, 17, 17, 0, 4148.4, 0, 4158.4, 0, 0, 0, 0, 0, 0, -0.05891518554687991, 0, 0, 0, 22, 24, 21, 0, 0, 0, 0, 0, 0, 0, 0, 0, 0, 0, 0, 0, 0, 0, 1
28221.457, 0.47035761666666664, 0, 0, 0.0, 398.0, 0, 100, 0, 100, 0, 17, 0, 18, 0, 17, 0, 0, 0, 0, 0, 0, 0, 0, 0, 0, 0, 0, 0, 0, 0, 0, 18, 18, 18, 18, 18, 17, 18, 17, 18, 17, 17, 17, 17, 17, 17, 17, 0, 4148.4, 0, 4158.4, 0, 0, 0, 0, 0, 0, -0.05891518554687991, 0, 0, 0, 22, 24, 21, 0, 0, 0, 0, 0, 0, 0, 0, 0, 0, 0, 0, 0, 0, 0, 1
28326.047, 0.47202143333333335, 0, 0, 0.0, 398.0, 0, 100, 0, 100, 0, 17, 0, 18, 0, 17, 0, 0, 0, 0, 0, 0, 0, 0, 0, 0, 0, 0, 0, 0, 0, 0, 18, 18, 18, 18, 18, 17, 18, 17, 18, 17, 17, 17, 17, 17, 17, 17, 0, 4148.4, 0, 4158.4, 0, 0, 0, 0, 0, 0, -0.05891518554687991, 0, 0, 0, 22, 24, 21, 0, 0, 0, 0, 0, 0, 0, 0, 0, 0, 0, 0, 0, 0, 0, 1
28431.171, 0.47368518333333337, 0, 0, 0.0, 398.0, 0, 100, 0, 100, 0, 17, 0, 18, 0, 17, 0, 0, 0, 0, 0, 0, 0, 0, 0, 0, 0, 0, 0, 0, 0, 0, 18, 18, 18, 18, 18, 17, 18, 17, 18, 17, 17, 17, 17, 17, 17, 17, 0, 4148.4, 0, 4158.4, 0, 0, 0, 0, 0, 0, -0.05891518554687991, 0, 0, 0, 22, 24, 21, 0, 0, 0, 0, 0, 0, 0, 0, 0, 0, 0, 0, 0, 0, 0, 1
28531.392, 0.47536913333333336, 0, 0, 0.0, 398.0, 0, 100, 0, 100, 0, 17, 0, 18, 0, 17, 0, 0, 0, 0, 0, 0, 0, 0, 0, 0, 0, 0, 0, 0, 0, 0, 18, 18, 18, 18, 18, 17, 18, 17, 18, 17, 17, 17, 17, 17, 17, 17, 0, 4148.4, 0, 4158.4, 0, 0, 0, 0, 0, 0, -0.05891518554687991, 0, 0, 0, 22, 24, 21, 0, 0, 0, 0, 0, 0, 0, 0, 0, 0, 0, 0, 0, 0, 0, 1
28631.629, 0.47706244999999997, 0, 0, 0.0, 398.0, 0, 100, 0, 100, 0, 17, 0, 18, 0, 17, 0, 0, 0, 0, 0, 0, 0, 0, 0, 0, 0, 0, 0, 0, 0, 0, 18, 18, 18, 18, 18, 17, 18, 17, 18, 17, 17, 17, 17, 17, 17, 17, 0, 4148.4, 0, 4158.4, 0, 0, 0, 0, 0, 0, -0.04208227539062648, 0, 0, 0, 22, 24, 21, 0, 0, 0, 0, 0, 0, 0, 0, 0, 0, 0, 0, 0, 0, 0, 1
28736.661, 0.47868523333333335, 0, 0, 0.0, 398.0, 0, 100, 0, 100, 0, 17, 0, 18, 0, 17, 0, 0, 0, 0, 0, 0, 0, 0, 0, 0, 0, 0, 0, 0, 0, 0, 18, 18, 18, 18, 18, 17, 18, 17, 18, 17, 17, 17, 17, 17, 17, 17, 0, 4148.4, 0, 4158.4, 0, 0, 0, 0, 0, 0, -0.04208227539062648, 0, 0, 0, 22, 24, 21, 0, 0, 0, 0, 0, 0, 0, 0, 0, 0, 0, 0, 0, 0, 0, 1
28837.667, 0.4803521, 0, 0, 0.0, 398.0, 0, 100, 0, 100, 0, 17, 0, 18, 0, 17, 0, 0, 0, 0, 0, 0, 0, 0, 0, 0, 0, 0, 0, 0, 0, 0, 18, 18, 18, 18, 18, 17, 18, 17, 18, 17, 17, 17, 17, 17, 17, 17, 0, 4148.4, 0, 4158.4, 0, 0, 0, 0, 0, 0, -0.04208227539062648, 0, 0, 0, 22, 24, 21, 0, 0, 0, 0, 0, 0, 0, 0, 0, 0, 0, 0, 0, 0, 0, 1
28937.784, 0.4820202666666667, 0, 0, 0.0, 398.0, 0, 100, 0, 100, 0, 17, 0, 18, 0, 17, 0, 0, 0, 0, 0, 0, 0, 0, 0, 0, 0, 0, 0, 0, 0, 0, 18, 18, 18, 18, 18, 17, 18, 17, 18, 17, 17, 17, 17, 17, 17, 17, 0, 4148.4, 0, 4158.4, 0, 0, 0, 0, 0, 0, -0.05891518554687991, 0, 0, 0, 22, 24, 21, 0, 0, 0, 0, 0, 0, 0, 0, 0, 0, 0, 0, 0, 0, 0, 1
29037.879, 0.4820202666666667, 0, 0, 0.0, 398.0, 0, 100, 0, 100, 0, 17, 0, 18, 0, 17, 0, 0, 0, 0, 0, 0, 0, 0, 0, 0, 0, 0, 0, 0, 0, 0, 18, 18, 18, 18, 18, 17, 18, 17, 18, 17, 17, 17, 17, 17, 17, 17, 0, 4148.4, 0, 4158.4, 0, 0, 0, 0, 0, 0, -0.05891518554687991, 0, 0, 0, 22, 24, 21, 0, 0, 0, 0, 0, 0, 0, 0, 0, 0, 0, 0, 0, 0, 0, 1
29157.657, 0.4853486833333333, 0, 0, 0.0, 398.0, 0, 100, 0, 100, 0, 17, 0, 18, 0, 17, 0, 0, 0, 0, 0, 0, 0, 0, 0, 0, 0, 0, 0, 0, 0, 0, 18, 18, 18, 18, 18, 17, 18, 17, 18, 17, 17, 17, 17, 17, 17, 17, 0, 4148.4, 0, 4158.5, 0, 0, 0, 0, 0, 0, -0.05891518554687991, 0, 0, 0, 22, 24, 21, 0, 0, 0, 0, 0, 0, 0, 0, 0, 0, 0, 0, 0, 0, 0, 1
29257.772, 0.48701631666666667, 0, 0, 0.0, 398.0, 0, 100, 0, 100, 0, 17, 0, 18, 0, 17, 0, 0, 0, 0, 0, 0, 0, 0, 0, 0, 0, 0, 0, 0, 0, 0, 18, 18, 18, 18, 18, 17, 18, 17, 18, 17, 17, 17, 17, 17, 17, 17, 0, 4148.4, 0, 4158.4, 0, 0, 0, 0, 0, 0, -0.05891518554687991, 0, 0, 0, 22, 24, 21, 0, 0, 0, 0, 0, 0, 0, 0, 0, 0, 0, 0, 0, 0, 0, 1
29357.774, 0.4886816, 0, 0, 0.0, 398.0, 0, 100, 0, 100, 0, 17, 0, 18, 0, 17, 0, 0, 0, 0, 0, 0, 0, 0, 0, 0, 0, 0, 0, 0, 0, 0, 18, 18, 18, 18, 18, 17, 18, 17, 18, 17, 17, 17, 17, 17, 17, 17, 0, 4148.4, 0, 4158.4, 0, 0, 0, 0, 0, 0, -0.05891518554687991, 0, 0, 0, 22, 24, 21, 0, 0, 0, 0, 0, 0, 0, 0, 0, 0, 0, 0, 0, 0, 0, 1
29458.659, 0.49035206666666664, 0, 0, 0.0, 398.0, 0, 100, 0, 100, 0, 17, 0, 18, 0, 17, 0, 0, 0, 0, 0, 0, 0, 0, 0, 0, 0, 0, 0, 0, 0, 0, 18, 18, 18, 18, 18, 17, 18, 17, 18, 17, 17, 17, 17, 17, 17, 17, 0, 4148.4, 0, 4158.4, 0, 0, 0, 0, 0, 0, -0.05891518554687991, 0, 0, 0, 22, 24, 21, 0, 0, 0, 0, 0, 0, 0, 0, 0, 0, 0, 0, 0, 0, 0, 1
29558.665, 0.4923836166666667, 0, 0, 0.0, 398.0, 0, 100, 0, 100, 0, 17, 0, 18, 0, 17, 0, 0, 0, 0, 0, 0, 0, 0, 0, 0, 0, 0, 0, 0, 0, 0, 18, 18, 18, 18, 18, 17, 18, 17, 18, 17, 17, 17, 17, 17, 17, 17, 0, 4148.4, 0, 4158.4, 0, 0, 0, 0, 0, 0, -0.05891518554687991, 0, 0, 0, 22, 24, 21, 0, 0, 0, 0, 0, 0, 0, 0, 0, 0, 0, 0, 0, 0, 0, 1
29658.775, 0.4936866166666667, 0, 0, 0.0, 398.0, 0, 100, 0, 100, 0, 17, 0, 18, 0, 17, 0, 0, 0, 0, 0, 0, 0, 0, 0, 0, 0, 0, 0, 0, 0, 0, 18, 18, 18, 18, 18, 17, 18, 17, 18, 17, 17, 17, 17, 17, 17, 17, 0, 4148.5, 0, 4158.4, 0, 0, 0, 0, 0, 0, -0.05891518554687991, 0, 0, 0, 22, 24, 21, 0, 0, 0, 0, 0, 0, 0, 0, 0, 0, 0, 0, 0, 0, 0, 1
29759.659, 0.49535331666666665, 0, 0, 0.0, 398.0, 0, 100, 0, 100, 0, 17, 0, 18, 0, 17, 0, 0, 0, 0, 0, 0, 0, 0, 0, 0, 0, 0, 0, 0, 0, 0, 18, 18, 18, 18, 18, 17, 18, 17, 18, 17, 17, 17, 17, 17, 17, 17, 0, 4148.5, 0, 4158.4, 0, 0, 0, 0, 0, 0, -0.05891518554687991, 0, 0, 0, 22, 24, 21, 0, 0, 0, 0, 0, 0, 0, 0, 0, 0, 0, 0, 0, 0, 0, 1
29859.664, 0.49701985, 0, 0, 0.0, 398.0, 0, 100, 0, 100, 0, 17, 0, 18, 0, 17, 0, 0, 0, 0, 0, 0, 0, 0, 0, 0, 0, 0, 0, 0, 0, 0, 18, 18, 18, 18, 18, 17, 18, 17, 18, 17, 17, 17, 17, 17, 17, 17, 0, 4148.4, 0, 4158.4, 0, 0, 0, 0, 0, 0, -0.05891518554687991, 0, 0, 0, 22, 24, 21, 0, 0, 0, 0, 0, 0, 0, 0, 0, 0, 0, 0, 0, 0, 0, 1
29959.777, 0.49868853333333335, 0, 0, 0.0, 398.0, 0, 100, 0, 100, 0, 17, 0, 18, 0, 17, 0, 0, 0, 0, 0, 0, 0, 0, 0, 0, 0, 0, 0, 0, 0, 0, 18, 18, 18, 18, 18, 17, 18, 17, 18, 17, 17, 17, 17, 17, 17, 17, 0, 4148.4, 0, 4158.4, 0, 0, 0, 0, 0, 0, -0.05891518554687991, 0, 0, 0, 22, 24, 21, 0, 0, 0, 0, 0, 0, 0, 0, 0, 0, 0, 0, 0, 0, 0, 1
30078.69, 0.5013115, 0, 0, 0.0, 398.0, 0, 100, 0, 100, 0, 17, 0, 18, 0, 17, 0, 0, 0, 0, 0, 0, 0, 0, 0, 0, 0, 0, 0, 0, 0, 0, 18, 18, 18, 18, 18, 17, 18, 17, 18, 17, 17, 17, 17, 17, 17, 17, 0, 4148.4, 0, 4158.4, 0, 0, 0, 0, 0, 0, -0.05891518554687991, 0, 0, 0, 22, 24, 21, 0, 0, 0, 0, 0, 0, 0, 0, 0, 0, 0, 0, 0, 0, 0, 1
30179.658, 0.5020352333333333, 0, 0, 0.0, 398.0, 0, 100, 0, 100, 0, 17, 0, 18, 0, 17, 0, 0, 0, 0, 0, 0, 0, 0, 0, 0, 0, 0, 0, 0, 0, 0, 18, 18, 18, 18, 18, 17, 18, 17, 18, 17, 17, 17, 17, 17, 17, 17, 0, 4148.4, 0, 4158.4, 0, 0, 0, 0, 0, 0, -0.05891518554687991, 0, 0, 0, 22, 24, 21, 0, 0, 0, 0, 0, 0, 0, 0, 0, 0, 0, 0, 0, 0, 0, 1
30279.695, 0.50466045, 0, 0, 0.0, 398.0, 0, 100, 0, 100, 0, 17, 0, 18, 0, 17, 0, 0, 0, 0, 0, 0, 0, 0, 0, 0, 0, 0, 0, 0, 0, 0, 18, 18, 18, 18, 18, 17, 18, 17, 18, 17, 17, 17, 17, 17, 17, 17, 0, 4148.4, 0, 4158.4, 0, 0, 0, 0, 0, 0, -0.05891518554687991, 0, 0, 0, 22, 24, 21, 0, 0, 0, 0, 0, 0, 0, 0, 0, 0, 0, 0, 0, 0, 0, 1
30379.779, 0.5056787833333333, 0, 0, 0.0, 398.0, 0, 100, 0, 100, 0, 17, 0, 18, 0, 17, 0, 0, 0, 0, 0, 0, 0, 0, 0, 0, 0, 0, 0, 0, 0, 0, 18, 18, 18, 18, 18, 17, 18, 17, 18, 17, 17, 17, 17, 17, 17, 17, 0, 4148.4, 0, 4158.4, 0, 0, 0, 0, 0, 0, -0.05891518554687991, 0, 0, 0, 22, 24, 21, 0, 0, 0, 0, 0, 0, 0, 0, 0, 0, 0, 0, 0, 0, 0, 1
