time,bat1 Capacity (%),bat2 Capacity (%),bat 1 Voltage (V),bat 2 Voltage (V),bat 1 Current (A),bat 2 Current (A),bat 1 Power (kW),bat 2 Power (kW)
0.04857465,49,50,364.7,365.1,0.0,0.0,0.0,0.0
0.06528655,49,50,364.7,365.1,0.0,0.0,0.0,0.0
0.0819506333333333,49,50,364.7,365.1,0.0,0.0,0.0,0.0
0.0986403166666666,49,50,364.7,365.1,0.0,0.0,0.0,0.0
0.1170194333333333,49,50,364.7,365.1,0.0,0.0,0.0,0.0
0.1338963,49,50,364.7,365.1,0.0,0.0,0.0,0.0
0.1514270333333333,49,50,364.7,365.1,0.0,0.0,0.0,0.0
0.1686699833333333,49,50,364.7,365.1,0.0,0.0,0.0,0.0
0.1853923833333333,49,50,364.7,365.1,0.0,0.0,0.0,0.0
0.20209345,49,50,364.7,365.1,0.0,0.0,0.0,0.0
0.2202504166666666,49,50,364.7,365.1,0.0,0.0,0.0,0.0
0.2370066,49,50,364.7,365.1,0.0,0.0,0.0,0.0
0.2545402833333333,49,50,364.7,365.1,0.0,0.0,0.0,0.0
0.2712434333333333,49,50,364.7,365.1,0.0,0.0,0.0,0.0
0.28827765,49,50,364.7,365.1,0.0,0.0,0.0,0.0
0.30494455,49,50,364.7,365.1,0.0,0.0,0.0,0.0
0.3223027,49,50,364.9,365.3,-0.3,-0.1,0.10946999999999998,0.03653
0.3396210166666666,49,50,366.6,366.9,-8.9,-8.5,3.2627400000000004,3.1186499999999997
0.3562827666666667,49,50,368.2,368.5,-16.3,-15.6,6.00166,5.7486
0.3729488666666666,49,50,369.8,370.2,-24.0,-23.0,8.875200000000001,8.5146
0.39064905,49,50,370.2,370.5,-24.9,-24.0,9.217979999999999,8.892
0.4079510166666666,49,50,370.4,370.7,-24.9,-24.0,9.222959999999999,8.896799999999999
0.4246174333333333,49,50,370.5,370.8,-24.9,-24.0,9.225449999999999,8.8992
0.44230665,49,50,370.7,371.0,-24.9,-24.1,9.230429999999998,8.9411
0.4595935,49,50,370.8,371.1,-24.9,-24.1,9.23292,8.94351
0.4762879499999999,49,50,370.9,371.2,-24.9,-24.1,9.235409999999998,8.94592
0.49376,49,50,371.0,371.3,-24.9,-24.1,9.2379,8.94833
0.511281,49,50,371.1,371.4,-24.9,-24.1,9.24039,8.95074
0.5279748333333334,49,50,371.2,371.5,-24.9,-24.1,9.24288,8.953149999999999
0.5446352333333333,49,50,371.3,371.6,-24.9,-24.1,9.24537,8.955560000000002
0.56130185,49,50,371.3,371.6,-24.9,-24.1,9.24537,8.955560000000002
0.5789658166666667,49,50,371.4,371.7,-24.9,-24.1,9.24786,8.95797
0.5956391666666666,49,50,371.5,371.8,-24.9,-24.1,9.250350000000001,8.96038
0.61299205,49,50,371.6,371.9,-25.0,-24.1,9.29,8.96279
0.6296371000000001,49,50,371.6,371.9,-24.9,-24.1,9.25284,8.96279
0.6463029,49,50,371.7,372.0,-25.0,-24.1,9.2925,8.965200000000001
0.6629697833333333,49,50,371.7,372.0,-25.0,-24.1,9.2925,8.965200000000001
0.68045285,49,50,371.8,372.1,-24.9,-24.1,9.257819999999999,8.96761
0.6963074166666666,50,50,371.8,372.1,-24.9,-24.1,9.257819999999999,8.96761
0.7146357,50,50,371.9,372.2,-24.9,-24.1,9.260309999999999,8.97002
0.7313016666666666,50,50,371.9,372.2,-24.9,-24.1,9.260309999999999,8.97002
0.7479810499999999,50,50,372.0,372.2,-24.9,-24.1,9.262799999999999,8.97002
0.76562525,50,50,372.0,372.3,-25.0,-24.1,9.3,8.972430000000001
0.7829683333333333,50,50,372.1,372.3,-24.9,-24.1,9.26529,8.972430000000001
0.7996344,50,50,372.1,372.4,-25.0,-24.1,9.3025,8.97484
0.8163036833333333,50,50,372.1,372.4,-25.0,-24.1,9.3025,8.97484
0.8336238166666666,50,50,372.2,372.5,-24.9,-24.1,9.267779999999998,8.97725
0.8502888833333333,50,50,372.2,372.5,-24.9,-24.1,9.267779999999998,8.97725
0.8675568166666666,50,50,372.2,372.5,-25.0,-24.1,9.305,8.97725
0.8842345666666667,50,50,372.3,372.6,-25.0,-24.1,9.3075,8.97966
0.9012694333333332,50,50,372.3,372.6,-25.0,-24.1,9.3075,8.97966
0.9180074666666668,50,51,372.4,372.7,-25.0,-24.1,9.31,8.98207
0.9347351833333332,50,51,372.4,372.7,-25.0,-24.1,9.31,8.98207
0.95230695,50,51,372.4,372.7,-24.9,-24.1,9.272759999999998,8.98207
0.9696372166666668,50,51,372.5,372.8,-25.0,-24.1,9.3125,8.984480000000001
0.9863041,50,51,372.5,372.8,-25.0,-24.1,9.3125,8.984480000000001
1.0029675999999998,50,51,372.5,372.8,-24.9,-24.1,9.27525,8.984480000000001
1.02010275,50,51,372.6,372.9,-25.0,-24.1,9.315,8.986889999999999
1.03797165,50,51,372.6,372.9,-25.0,-24.1,9.315,8.986889999999999
1.0549575333333332,50,51,372.6,372.9,-25.0,-24.1,9.315,8.986889999999999
1.07230705,50,51,372.7,373.0,-25.0,-24.1,9.3175,8.989300000000002
1.08964165,50,51,372.7,373.0,-25.0,-24.1,9.3175,8.989300000000002
1.1065325499999998,50,51,372.7,373.0,-25.0,-24.1,9.3175,8.989300000000002
1.1229740333333331,50,51,372.8,373.1,-25.0,-24.1,9.32,8.991710000000001
1.14130775,50,51,372.8,373.1,-25.0,-24.1,9.32,8.991710000000001
1.157972233333333,50,51,372.8,373.1,-25.0,-24.1,9.32,8.991710000000001
1.1746425166666667,50,51,372.8,373.1,-25.0,-24.1,9.32,8.991710000000001
1.1913103333333332,50,51,372.9,373.2,-25.0,-24.1,9.3225,8.99412
1.2089706,50,51,372.9,373.2,-25.0,-24.1,9.3225,8.99412
1.2256347,50,51,372.9,373.2,-24.9,-24.1,9.28521,8.99412
1.2429741166666666,50,51,373.0,373.3,-25.0,-24.1,9.325,8.99653
1.25963585,50,51,373.0,373.3,-24.9,-24.1,9.2877,8.99653
1.2770967333333334,50,51,373.0,373.3,-24.9,-24.1,9.2877,8.99653
1.2946181833333334,50,51,373.0,373.3,-24.9,-24.1,9.2877,8.99653
1.3113047666666666,50,51,373.1,373.4,-24.9,-24.1,9.29019,8.998940000000001
1.3279706833333331,50,51,373.1,373.4,-24.9,-24.1,9.29019,8.998940000000001
1.3457195333333334,51,51,373.1,373.4,-24.9,-24.1,9.29019,8.998940000000001
1.3629480833333332,51,51,373.2,373.5,-25.0,-24.1,9.33,9.00135
1.3796361833333333,51,51,373.2,373.5,-24.9,-24.1,9.292679999999999,9.00135
1.3963074,51,51,373.2,373.5,-25.0,-24.1,9.33,9.00135
1.41318245,51,51,373.2,373.5,-25.0,-24.1,9.33,9.00135
1.4296388333333334,51,51,373.3,373.6,-25.0,-24.1,9.3325,9.00376
1.4463088166666669,51,51,373.3,373.6,-25.0,-24.1,9.3325,9.00376
1.4646128833333334,51,51,373.3,373.6,-25.0,-24.1,9.3325,9.00376
1.48130405,51,51,373.4,373.6,-25.0,-24.1,9.335,9.00376
1.4980346,51,51,373.4,373.7,-25.0,-24.1,9.335,9.006170000000001
1.515736483333333,51,51,373.4,373.7,-24.9,-24.1,9.297659999999999,9.006170000000001
1.5329517166666666,51,51,373.4,373.7,-24.9,-24.1,9.297659999999999,9.006170000000001
1.5496334333333333,51,52,373.5,373.7,-24.9,-24.2,9.30015,9.043539999999998
1.5663084833333334,51,52,373.5,373.8,-24.9,-24.1,9.30015,9.00858
1.5837154999999998,51,52,373.5,373.8,-24.9,-24.1,9.30015,9.00858
1.6003045833333331,51,52,373.5,373.8,-24.9,-24.1,9.30015,9.00858
1.6179386,51,52,373.6,373.9,-25.0,-24.1,9.34,9.01099
1.63476445,51,52,373.6,373.9,-25.0,-24.1,9.34,9.01099
1.65211375,51,52,373.6,373.9,-25.0,-24.1,9.34,9.01099
1.66896945,51,52,373.7,373.9,-24.9,-24.1,9.305129999999998,9.01099
1.6863034499999998,51,52,373.7,374.0,-24.9,-24.2,9.305129999999998,9.050799999999999
1.7029719333333335,51,52,373.7,374.0,-24.9,-24.2,9.305129999999998,9.050799999999999
1.7213054833333332,51,52,373.7,374.0,-24.9,-24.1,9.305129999999998,9.013399999999999
1.7379714833333335,51,52,373.8,374.0,-24.9,-24.1,9.307619999999998,9.013399999999999
1.754971133333333,51,52,373.8,374.1,-24.9,-24.1,9.307619999999998,9.015810000000002
1.7723077333333337,51,52,373.8,374.1,-24.9,-24.1,9.307619999999998,9.015810000000002
1.78897305,51,52,373.8,374.1,-24.9,-24.2,9.307619999999998,9.053220000000001
1.8063094333333332,51,52,373.8,374.1,-24.9,-24.2,9.307619999999998,9.053220000000001
1.8229769666666664,51,52,373.9,374.2,-24.9,-24.2,9.310109999999998,9.055639999999999
1.8396375166666667,51,52,373.9,374.2,-24.9,-24.2,9.310109999999998,9.055639999999999
1.8579698,51,52,373.9,374.2,-24.9,-24.2,9.310109999999998,9.055639999999999
1.8753428833333332,51,52,374.0,374.2,-24.9,-24.1,9.3126,9.018220000000001
1.89294795,51,52,374.0,374.3,-24.9,-24.1,9.3126,9.02063
1.9096397333333333,51,52,374.0,374.3,-24.9,-24.2,9.3126,9.05806
1.92630765,51,52,374.0,374.3,-24.9,-24.2,9.3126,9.05806
1.9437703166666669,52,52,374.1,374.3,-24.9,-24.2,9.31509,9.05806
1.9612439,52,52,374.1,374.4,-24.9,-24.2,9.31509,9.06048
1.97797375,52,52,374.1,374.4,-24.9,-24.2,9.31509,9.06048
1.9956263666666665,52,52,374.1,374.4,-24.9,-24.2,9.31509,9.06048
2.0129724833333333,52,52,374.1,374.4,-24.9,-24.2,9.31509,9.06048
2.029638633333333,52,52,374.2,374.5,-24.9,-24.2,9.31758,9.062899999999999
2.046308466666667,52,52,374.2,374.5,-24.9,-24.2,9.31758,9.062899999999999
2.0629685833333333,52,52,374.2,374.5,-24.9,-24.2,9.31758,9.062899999999999
2.081280433333333,52,52,374.2,374.5,-24.9,-24.2,9.31758,9.062899999999999
2.0979757666666665,52,52,374.3,374.6,-24.9,-24.2,9.32007,9.06532
2.1156199166666667,52,52,374.3,374.6,-24.9,-24.2,9.32007,9.06532
2.1329537333333333,52,52,374.3,374.6,-24.9,-24.2,9.32007,9.06532
2.149637216666666,52,52,374.3,374.6,-24.9,-24.2,9.32007,9.06532
2.1669493,52,53,374.4,374.7,-24.9,-24.2,9.32256,9.06774
2.183620433333333,52,53,374.4,374.7,-24.9,-24.2,9.32256,9.06774
2.2008897166666666,52,53,374.4,374.7,-24.9,-24.2,9.32256,9.06774
2.2179733666666666,52,53,374.4,374.7,-24.9,-24.2,9.32256,9.06774
2.2347026,52,53,374.5,374.7,-24.9,-24.2,9.32505,9.06774
2.2522951833333336,52,53,374.5,374.8,-24.9,-24.2,9.32505,9.07016
2.269636333333333,52,53,374.5,374.8,-24.9,-24.2,9.32505,9.07016
2.2863052,52,53,374.5,374.8,-24.9,-24.2,9.32505,9.07016
2.302971433333333,52,53,374.6,374.9,-24.9,-24.2,9.32754,9.07258
2.3196435833333333,52,53,374.6,374.9,-24.9,-24.2,9.32754,9.07258
2.33630345,52,53,374.6,374.9,-24.9,-24.2,9.32754,9.07258
2.3531984666666665,52,53,374.6,374.9,-24.9,-24.2,9.32754,9.07258
2.3712479666666666,52,53,374.7,374.9,-24.9,-24.2,9.330029999999999,9.07258
2.387950033333333,52,53,374.7,375.0,-24.9,-24.2,9.330029999999999,9.075
2.4046427166666664,52,53,374.7,375.0,-24.9,-24.2,9.330029999999999,9.075
2.42165015,52,53,374.7,375.0,-24.9,-24.2,9.330029999999999,9.075
2.43898365,52,53,374.8,375.1,-24.9,-24.2,9.33252,9.07742
2.4563106166666664,52,53,374.8,375.1,-24.9,-24.2,9.33252,9.07742
2.4729690000000004,52,53,374.8,375.1,-24.9,-24.2,9.33252,9.07742
2.491283533333333,52,53,374.8,375.1,-24.9,-24.2,9.33252,9.07742
2.507972383333333,52,53,374.9,375.2,-24.9,-24.2,9.335009999999999,9.07984
2.524642916666667,53,53,374.9,375.2,-24.9,-24.2,9.335009999999999,9.07984
2.542304033333333,53,53,374.9,375.2,-24.9,-24.2,9.335009999999999,9.07984
2.5596240166666666,53,53,374.9,375.2,-24.9,-24.2,9.335009999999999,9.07984
2.57630975,53,53,375.0,375.2,-24.9,-24.2,9.3375,9.07984
2.5937872,53,53,375.0,375.3,-24.9,-24.2,9.3375,9.08226
2.61045325,53,53,375.0,375.3,-24.9,-24.2,9.3375,9.08226
2.627864,53,53,375.0,375.3,-24.9,-24.2,9.3375,9.08226
2.64464275,53,53,375.1,375.3,-24.8,-24.2,9.302480000000001,9.08226
2.6613045166666667,53,53,375.1,375.4,-24.9,-24.2,9.33999,9.084679999999999
2.6789755,53,53,375.1,375.4,-24.8,-24.2,9.302480000000001,9.084679999999999
2.69631065,53,53,375.1,375.4,-24.9,-24.2,9.33999,9.084679999999999
2.71297685,53,53,375.2,375.4,-24.9,-24.2,9.34248,9.084679999999999
2.72963485,53,53,375.2,375.5,-24.9,-24.2,9.34248,9.0871
2.74785495,53,53,375.2,375.5,-24.9,-24.2,9.34248,9.0871
2.764641233333333,53,53,375.2,375.5,-24.9,-24.2,9.34248,9.0871
2.7813074833333333,53,54,375.3,375.5,-24.9,-24.2,9.34497,9.0871
2.7979760833333334,53,54,375.3,375.6,-24.9,-24.2,9.34497,9.08952
2.8156431,53,54,375.3,375.6,-24.9,-24.3,9.34497,9.12708
2.832304633333333,53,54,375.3,375.6,-24.8,-24.3,9.30744,9.12708
2.8496448,53,54,375.4,375.7,-24.8,-24.3,9.30992,9.12951
2.8669233166666666,53,54,375.4,375.7,-24.8,-24.3,9.30992,9.12951
2.884072716666666,53,54,375.4,375.7,-24.8,-24.2,9.30992,9.09194
2.9009066333333333,53,54,375.4,375.7,-24.8,-24.2,9.30992,9.09194
2.9179566,53,54,375.5,375.7,-24.8,-24.3,9.3124,9.12951
2.934747933333333,53,54,375.5,375.8,-24.8,-24.2,9.3124,9.09436
2.95230695,53,54,375.5,375.8,-24.8,-24.3,9.3124,9.13194
2.969643983333333,53,54,375.5,375.8,-24.8,-24.3,9.3124,9.13194
2.986306233333333,53,54,375.6,375.9,-24.8,-24.3,9.31488,9.134369999999999
3.0029763166666665,53,54,375.6,375.9,-24.8,-24.3,9.31488,9.134369999999999
3.019643,53,54,375.6,375.9,-24.8,-24.3,9.31488,9.134369999999999
3.0368148,53,54,375.6,375.9,-24.8,-24.3,9.31488,9.134369999999999
3.052977116666667,53,54,375.7,376.0,-24.8,-24.2,9.31736,9.0992
3.0712005166666665,53,54,375.7,376.0,-24.8,-24.3,9.31736,9.136800000000001
3.0879692666666663,53,54,375.7,376.0,-24.8,-24.3,9.31736,9.136800000000001
3.105222933333333,53,54,375.7,376.0,-24.8,-24.3,9.31736,9.136800000000001
3.1223107,54,54,375.8,376.1,-24.8,-24.3,9.319840000000001,9.139230000000001
3.1396418333333336,54,54,375.8,376.1,-24.7,-24.2,9.28226,9.10162
3.1563077166666664,54,54,375.8,376.1,-24.7,-24.2,9.28226,9.10162
3.1730150666666668,54,54,375.8,376.1,-24.7,-24.2,9.28226,9.10162
3.1904024666666664,54,54,375.9,376.1,-24.7,-24.2,9.28473,9.10162
3.2079752,54,54,375.9,376.2,-24.7,-24.2,9.28473,9.10404
3.224642783333333,54,54,375.9,376.2,-24.7,-24.2,9.28473,9.10404
3.24201445,54,54,375.9,376.2,-24.7,-24.2,9.28473,9.10404
3.2596172666666665,54,54,376.0,376.2,-24.7,-24.2,9.287199999999999,9.10404
3.27630515,54,54,376.0,376.3,-24.7,-24.2,9.287199999999999,9.106459999999998
3.2929771166666666,54,54,376.0,376.3,-24.7,-24.2,9.287199999999999,9.106459999999998
3.31044785,54,54,376.0,376.3,-24.7,-24.2,9.287199999999999,9.106459999999998
3.327906633333333,54,54,376.1,376.3,-24.7,-24.2,9.28967,9.106459999999998
3.3446176000000003,54,54,376.1,376.4,-24.7,-24.2,9.28967,9.10888
3.3616651833333333,54,54,376.1,376.4,-24.7,-24.2,9.28967,9.10888
3.3779704,54,54,376.1,376.4,-24.7,-24.2,9.28967,9.10888
3.395647333333333,54,55,376.2,376.5,-24.6,-24.2,9.254520000000001,9.1113
3.41231005,54,55,376.2,376.5,-24.7,-24.2,9.29214,9.1113
3.4296457,54,55,376.2,376.5,-24.7,-24.2,9.29214,9.1113
3.4463077,54,55,376.2,376.5,-24.6,-24.2,9.254520000000001,9.1113
3.4629733,54,55,376.3,376.6,-24.6,-24.2,9.256980000000002,9.11372
3.48129295,54,55,376.3,376.6,-24.6,-24.2,9.256980000000002,9.11372
3.4979729500000003,54,55,376.3,376.6,-24.6,-24.2,9.256980000000002,9.11372
3.5156452333333337,54,55,376.4,376.6,-24.6,-24.2,9.25944,9.11372
3.53297395,54,55,376.4,376.7,-24.6,-24.2,9.25944,9.11614
3.5496458,54,55,376.4,376.7,-24.6,-24.2,9.25944,9.11614
3.5669479666666666,54,55,376.4,376.7,-24.6,-24.2,9.25944,9.11614
3.5836257500000004,54,55,376.5,376.8,-24.6,-24.2,9.261899999999999,9.118559999999999
3.601252566666667,54,55,376.5,376.8,-24.6,-24.2,9.261899999999999,9.118559999999999
3.6180362,54,55,376.5,376.8,-24.6,-24.2,9.261899999999999,9.118559999999999
3.63501985,54,55,376.6,376.8,-24.6,-24.2,9.26436,9.118559999999999
3.6523091166666655,54,55,376.6,376.9,-24.6,-24.2,9.26436,9.12098
3.66964015,54,55,376.6,376.9,-24.6,-24.2,9.26436,9.12098
3.686310733333333,54,55,376.7,377.0,-24.6,-24.2,9.26682,9.1234
3.70297925,54,55,376.7,377.0,-24.6,-24.3,9.26682,9.161100000000001
3.7196412166666666,55,55,376.7,377.0,-24.6,-24.3,9.26682,9.161100000000001
3.736415283333333,55,55,376.7,377.0,-24.6,-24.2,9.26682,9.1234
3.75464505,55,55,376.8,377.1,-24.6,-24.3,9.26928,9.163530000000002
3.771675383333333,55,55,376.8,377.1,-24.6,-24.3,9.26928,9.163530000000002
3.788976733333333,55,55,376.8,377.1,-24.6,-24.2,9.26928,9.12582
3.806310266666667,55,55,376.9,377.1,-24.6,-24.3,9.27174,9.163530000000002
3.822979683333333,55,55,376.9,377.2,-24.6,-24.3,9.27174,9.165959999999998
3.839641616666667,55,55,376.9,377.2,-24.6,-24.3,9.27174,9.165959999999998
3.856308783333333,55,55,377.0,377.2,-24.6,-24.3,9.2742,9.165959999999998
3.874640983333333,55,55,377.0,377.3,-24.6,-24.2,9.2742,9.13066
3.89131315,55,55,377.0,377.3,-24.6,-24.3,9.2742,9.16839
3.9079783833333335,55,55,377.0,377.3,-24.6,-24.3,9.2742,9.16839
3.92528595,55,55,377.1,377.4,-24.6,-24.3,9.276660000000001,9.170819999999999
3.9423118666666666,55,55,377.1,377.4,-24.6,-24.3,9.276660000000001,9.170819999999999
3.959628016666666,55,55,377.1,377.4,-24.6,-24.3,9.276660000000001,9.170819999999999
3.9763056666666663,55,55,377.2,377.5,-24.6,-24.3,9.27912,9.17325
3.993787583333333,55,55,377.2,377.5,-24.6,-24.3,9.27912,9.17325
4.01045415,55,56,377.2,377.5,-24.6,-24.3,9.27912,9.17325
4.027847466666667,55,56,377.3,377.5,-24.6,-24.3,9.28158,9.17325
4.04464455,55,56,377.3,377.6,-24.6,-24.3,9.28158,9.17568
4.0613119,55,56,377.3,377.6,-24.6,-24.3,9.28158,9.17568
4.078978433333333,55,56,377.4,377.7,-24.6,-24.3,9.284040000000001,9.17811
4.096311166666667,55,56,377.4,377.7,-24.6,-24.3,9.284040000000001,9.17811
4.112973916666666,55,56,377.4,377.7,-24.6,-24.3,9.284040000000001,9.17811
4.130064866666666,55,56,377.5,377.7,-24.6,-24.3,9.2865,9.17811
4.146308183333334,55,56,377.5,377.8,-24.5,-24.3,9.24875,9.18054
4.162970516666666,55,56,377.5,377.8,-24.5,-24.3,9.24875,9.18054
4.181194916666667,55,56,377.6,377.8,-24.6,-24.3,9.288960000000001,9.18054
4.197904933333334,55,56,377.6,377.9,-24.6,-24.3,9.288960000000001,9.18297
4.214646933333333,55,56,377.6,377.9,-24.6,-24.3,9.288960000000001,9.18297
4.2314674666666665,55,56,377.7,377.9,-24.5,-24.3,9.25365,9.18297
4.248983666666667,55,56,377.7,378.0,-24.5,-24.3,9.25365,9.1854
4.2663089,55,56,377.7,378.0,-24.5,-24.3,9.25365,9.1854
4.283621849999999,55,56,377.8,378.0,-24.5,-24.3,9.2561,9.1854
4.30090035,55,56,377.8,378.1,-24.5,-24.3,9.2561,9.18783
4.31797465,56,56,377.8,378.1,-24.6,-24.3,9.293880000000001,9.18783
4.334743783333334,56,56,377.8,378.1,-24.6,-24.3,9.293880000000001,9.18783
4.3522951333333335,56,56,377.9,378.2,-24.6,-24.3,9.29634,9.19026
4.3689827333333335,56,56,377.9,378.2,-24.5,-24.3,9.25855,9.19026
4.38630825,56,56,377.9,378.2,-24.5,-24.3,9.25855,9.19026
4.40297215,56,56,378.0,378.3,-24.6,-24.3,9.298800000000002,9.19269
4.4196443,56,56,378.0,378.3,-24.6,-24.3,9.298800000000002,9.19269
4.43630625,56,56,378.1,378.3,-24.5,-24.3,9.26345,9.19269
4.452977933333333,56,56,378.1,378.4,-24.5,-24.3,9.26345,9.19512
4.471311783333333,56,56,378.1,378.4,-24.5,-24.3,9.26345,9.19512
4.487974966666667,56,56,378.1,378.4,-24.5,-24.3,9.26345,9.19512
4.5050217,56,56,378.2,378.5,-24.5,-24.3,9.2659,9.197550000000001
4.521847666666666,56,56,378.2,378.5,-24.6,-24.3,9.303720000000002,9.197550000000001
4.5389794000000006,56,56,378.2,378.5,-24.6,-24.3,9.303720000000002,9.197550000000001
4.556292966666667,56,56,378.3,378.6,-24.5,-24.3,9.26835,9.199980000000002
4.5729717,56,56,378.3,378.6,-24.5,-24.3,9.26835,9.199980000000002
4.589642866666666,56,56,378.3,378.6,-24.5,-24.3,9.26835,9.199980000000002
4.607979483333333,56,56,378.4,378.7,-24.5,-24.3,9.2708,9.20241
4.625347416666666,56,57,378.4,378.7,-24.5,-24.3,9.2708,9.20241
4.642319166666667,56,57,378.4,378.7,-24.6,-24.3,9.308639999999999,9.20241
4.6596467666666666,56,57,378.5,378.8,-24.5,-24.3,9.27325,9.20484
4.676309983333333,56,57,378.5,378.8,-24.6,-24.3,9.3111,9.20484
4.693797466666666,56,57,378.5,378.8,-24.5,-24.3,9.27325,9.20484
4.711308466666666,56,57,378.6,378.9,-24.5,-24.3,9.2757,9.207270000000001
4.727979433333333,56,57,378.6,378.9,-24.5,-24.3,9.2757,9.207270000000001
4.745646933333333,56,57,378.6,378.9,-24.5,-24.3,9.2757,9.207270000000001
4.76296625,56,57,378.7,379.0,-24.6,-24.3,9.31602,9.209700000000002
4.779647266666667,56,57,378.7,379.0,-24.6,-24.3,9.31602,9.209700000000002
4.796308616666667,56,57,378.7,379.0,-24.6,-24.3,9.31602,9.209700000000002
4.812976983333334,56,57,378.8,379.0,-24.5,-24.3,9.2806,9.209700000000002
4.830385416666667,56,57,378.8,379.1,-24.5,-24.3,9.2806,9.21213
4.847976916666666,56,57,378.8,379.1,-24.6,-24.3,9.318480000000001,9.21213
4.864643233333333,56,57,378.9,379.1,-24.5,-24.3,9.28305,9.21213
4.8829573,56,57,378.9,379.2,-24.6,-24.3,9.32094,9.214559999999999
4.8996398333333335,56,57,378.9,379.2,-24.6,-24.3,9.32094,9.214559999999999
4.917278516666667,57,57,379.0,379.2,-24.6,-24.3,9.3234,9.214559999999999
4.934232483333334,57,57,379.0,379.3,-24.6,-24.3,9.3234,9.21699
4.951386133333333,57,57,379.0,379.3,-24.5,-24.3,9.2855,9.21699
4.9681603333333335,57,57,379.1,379.3,-24.6,-24.3,9.32586,9.21699
4.985644933333333,57,57,379.1,379.4,-24.6,-24.3,9.32586,9.21942
5.002311466666667,57,57,379.1,379.4,-24.6,-24.3,9.32586,9.21942
5.019645766666667,57,57,379.1,379.4,-24.6,-24.3,9.32586,9.21942
5.036306316666667,57,57,379.2,379.5,-24.6,-24.3,9.32832,9.22185
5.053668633333333,57,57,379.2,379.5,-24.6,-24.3,9.32832,9.22185
5.07131205,57,57,379.2,379.5,-24.6,-24.3,9.32832,9.22185
5.088366416666666,57,57,379.3,379.6,-24.6,-24.3,9.33078,9.22428
5.1056464833333335,57,57,379.3,379.6,-24.6,-24.3,9.33078,9.22428
5.122964733333333,57,57,379.3,379.6,-24.6,-24.3,9.33078,9.22428
5.139648216666666,57,57,379.4,379.6,-24.6,-24.3,9.33324,9.22428
5.156314883333333,57,57,379.4,379.7,-24.6,-24.3,9.33324,9.226709999999999
5.174047566666666,57,57,379.4,379.7,-24.6,-24.3,9.33324,9.226709999999999
5.191314333333333,57,57,379.5,379.7,-24.6,-24.3,9.335700000000001,9.226709999999999
5.2086791,57,57,379.5,379.8,-24.6,-24.3,9.335700000000001,9.229140000000001
5.225650183333333,57,57,379.5,379.8,-24.6,-24.3,9.335700000000001,9.229140000000001
5.242314316666667,57,58,379.5,379.8,-24.6,-24.3,9.335700000000001,9.229140000000001
5.258981416666667,57,58,379.6,379.9,-24.6,-24.3,9.338160000000002,9.23157
5.276305266666666,57,58,379.6,379.9,-24.6,-24.3,9.338160000000002,9.23157
5.292975283333333,57,58,379.6,379.9,-24.6,-24.3,9.338160000000002,9.23157
5.310477083333334,57,58,379.7,379.9,-24.6,-24.3,9.340620000000001,9.23157
5.3279626,57,58,379.7,380.0,-24.6,-24.3,9.340620000000001,9.234
5.344647566666667,57,58,379.7,380.0,-24.6,-24.3,9.340620000000001,9.234
5.361307466666666,57,58,379.7,380.0,-24.6,-24.3,9.340620000000001,9.234
5.378984116666667,57,58,379.8,380.1,-24.6,-24.3,9.34308,9.23643
5.396309666666667,57,58,379.8,380.1,-24.6,-24.2,9.34308,9.19842
5.412980749999999,57,58,379.8,380.1,-24.6,-24.3,9.34308,9.23643
5.429638833333334,57,58,379.9,380.1,-24.6,-24.2,9.345540000000002,9.19842
5.447966683333333,57,58,379.9,380.2,-24.6,-24.2,9.345540000000002,9.20084
5.464648633333334,57,58,379.9,380.2,-24.6,-24.2,9.345540000000002,9.20084
5.4813129,57,58,379.9,380.2,-24.6,-24.2,9.345540000000002,9.20084
5.49898955,57,58,380.0,380.3,-24.6,-24.3,9.348,9.241290000000001
5.515656816666667,58,58,380.2,380.5,-25.7,-25.3,9.771139999999999,9.62665
5.532649016666666,58,58,380.3,380.5,-25.8,-25.3,9.81174,9.62665
5.5496425,58,58,380.3,380.6,-25.7,-25.3,9.77371,9.62918
5.5663108333333335,58,58,380.3,380.6,-25.8,-25.3,9.81174,9.62918
5.5836248,58,58,380.4,380.6,-25.8,-25.3,9.81432,9.62918
5.6003846,58,58,380.4,380.7,-25.7,-25.3,9.776279999999998,9.63171
5.617588933333334,58,58,380.4,380.7,-25.7,-25.3,9.776279999999998,9.63171
5.634572066666667,58,58,380.4,380.7,-25.7,-25.3,9.776279999999998,9.63171
5.651433483333333,58,58,380.5,380.8,-25.7,-25.3,9.77885,9.63424
5.668027116666666,58,58,380.5,380.8,-25.7,-25.3,9.77885,9.63424
5.685654866666667,58,58,380.5,380.8,-25.7,-25.3,9.77885,9.63424
5.702974866666668,58,58,380.6,380.8,-25.7,-25.3,9.78142,9.63424
5.719648566666667,58,58,380.6,380.9,-25.7,-25.3,9.78142,9.63677
5.736307,58,58,380.6,380.9,-25.7,-25.3,9.78142,9.63677
5.753147866666667,58,58,380.6,380.9,-25.7,-25.3,9.78142,9.63677
5.771313916666667,58,58,380.7,381.0,-25.7,-25.3,9.78399,9.6393
5.7883832,58,58,380.7,381.0,-25.7,-25.3,9.78399,9.6393
5.805647816666667,58,58,380.7,381.0,-25.7,-25.3,9.78399,9.6393
5.822317883333333,58,58,380.8,381.0,-25.7,-25.3,9.78656,9.6393
5.83964795,58,58,380.8,381.1,-25.7,-25.3,9.78656,9.641830000000002
5.856309283333333,58,59,380.8,381.1,-25.7,-25.3,9.78656,9.641830000000002
5.8729756166666665,58,59,380.8,381.1,-25.7,-25.3,9.78656,9.641830000000002
5.889646983333334,58,59,380.9,381.1,-25.7,-25.2,9.789129999999998,9.603720000000001
5.9067565166666665,58,59,380.9,381.2,-25.7,-25.2,9.789129999999998,9.60624
5.924644533333334,58,59,380.9,381.2,-25.7,-25.2,9.789129999999998,9.60624
5.941935883333334,58,59,380.9,381.2,-25.7,-25.2,9.789129999999998,9.60624
5.958985433333333,58,59,381.0,381.2,-25.7,-25.2,9.791699999999999,9.60624
5.9756527,58,59,381.0,381.3,-25.7,-25.2,9.791699999999999,9.60876
5.9929753833333335,58,59,381.0,381.3,-25.7,-25.2,9.791699999999999,9.60876
6.009648833333333,58,59,381.0,381.3,-25.7,-25.2,9.791699999999999,9.60876
6.027142116666667,58,59,381.0,381.3,-25.7,-25.2,9.791699999999999,9.60876
6.04463515,58,59,381.1,381.4,-25.7,-25.2,9.794270000000001,9.611279999999999
6.0613120333333335,58,59,381.1,381.4,-25.7,-25.2,9.794270000000001,9.611279999999999
6.077978516666667,58,59,381.1,381.4,-25.7,-25.2,9.794270000000001,9.611279999999999
6.095645149999999,59,59,381.1,381.4,-25.7,-25.2,9.794270000000001,9.611279999999999
6.11231785,59,59,381.2,381.5,-25.7,-25.2,9.79684,9.6138
6.129648733333333,59,59,381.2,381.5,-25.7,-25.2,9.79684,9.6138
6.146414483333333,59,59,381.2,381.5,-25.7,-25.2,9.79684,9.6138
6.162982,59,59,381.2,381.5,-25.6,-25.2,9.758719999999999,9.6138
6.179649816666667,59,59,381.3,381.5,-25.7,-25.2,9.79941,9.6138
6.197970866666666,59,59,381.3,381.6,-25.7,-25.1,9.79941,9.578160000000002
6.214644183333333,59,59,381.3,381.6,-25.7,-25.2,9.79941,9.61632
6.232323516666667,59,59,381.3,381.6,-25.7,-25.2,9.79941,9.61632
6.249285899999999,59,59,381.4,381.6,-25.7,-25.2,9.80198,9.61632
6.266313883333333,59,59,381.4,381.7,-25.7,-25.2,9.80198,9.61884
6.2836282500000005,59,59,381.4,381.7,-25.7,-25.2,9.80198,9.61884
6.300327533333333,59,59,381.4,381.7,-25.6,-25.2,9.76384,9.61884
6.317980433333333,59,59,381.4,381.7,-25.6,-25.2,9.76384,9.61884
6.334721,59,59,381.5,381.7,-25.7,-25.1,9.804549999999999,9.58067
6.352294766666667,59,59,381.5,381.8,-25.6,-25.1,9.766399999999999,9.58318
6.369634266666666,59,59,381.5,381.8,-25.6,-25.1,9.766399999999999,9.58318
6.386315483333333,59,59,381.5,381.8,-25.6,-25.1,9.766399999999999,9.58318
6.402980783333334,59,59,381.5,381.8,-25.7,-25.1,9.804549999999999,9.58318
6.4196486,59,59,381.6,381.9,-25.6,-25.1,9.768960000000002,9.585690000000001
6.437982733333333,59,60,381.6,381.9,-25.6,-25.1,9.768960000000002,9.585690000000001
6.455147683333333,59,60,381.6,381.9,-25.6,-25.1,9.768960000000002,9.585690000000001
6.471728933333333,59,60,381.6,381.9,-25.6,-25.1,9.768960000000002,9.585690000000001
6.488395833333334,59,60,381.6,381.9,-25.6,-25.1,9.768960000000002,9.585690000000001
6.5056544,59,60,381.7,382.0,-25.6,-25.1,9.77152,9.5882
6.522972233333333,59,60,381.7,382.0,-25.6,-25.1,9.77152,9.5882
6.5396473,59,60,381.7,382.0,-25.6,-25.1,9.77152,9.5882
6.5563193166666665,59,60,381.7,382.0,-25.6,-25.1,9.77152,9.5882
6.574645716666667,59,60,381.8,382.0,-25.6,-25.1,9.77408,9.5882
6.591310833333334,59,60,381.8,382.1,-25.6,-25.1,9.77408,9.590710000000001
6.608961233333333,59,60,381.8,382.1,-25.6,-25.1,9.77408,9.590710000000001
6.625652733333333,59,60,381.8,382.1,-25.6,-25.1,9.77408,9.590710000000001
6.642980266666666,59,60,381.8,382.1,-25.6,-25.1,9.77408,9.590710000000001
6.6601176,59,60,381.9,382.1,-25.6,-25.1,9.776639999999999,9.590710000000001
6.677154633333333,60,60,381.9,382.2,-25.6,-25.1,9.776639999999999,9.59322
6.69463515,60,60,381.9,382.2,-25.6,-25.1,9.776639999999999,9.59322
6.711450133333333,60,60,381.9,382.2,-25.6,-25.1,9.776639999999999,9.59322
6.7289859666666665,60,60,381.9,382.2,-25.6,-25.1,9.776639999999999,9.59322
6.746303566666667,60,60,382.0,382.2,-25.6,-25.1,9.779200000000001,9.59322
6.762977966666667,60,60,382.0,382.3,-25.6,-25.1,9.779200000000001,9.595730000000001
6.779647499999999,60,60,382.0,382.3,-25.6,-25.1,9.779200000000001,9.595730000000001
6.7978264,60,60,382.0,382.3,-25.6,-25.1,9.779200000000001,9.595730000000001
6.814537783333333,60,60,382.0,382.3,-25.6,-25.1,9.779200000000001,9.595730000000001
6.831315316666666,60,60,382.1,382.3,-25.6,-25.1,9.78176,9.595730000000001
6.848008283333333,60,60,382.1,382.4,-25.6,-25.1,9.78176,9.59824
6.864649416666667,60,60,382.1,382.4,-25.6,-25.1,9.78176,9.59824
6.882323516666667,60,60,382.1,382.4,-25.6,-25.1,9.78176,9.59824
6.899646133333333,60,60,382.1,382.4,-25.6,-25.1,9.78176,9.59824
6.916316699999999,60,60,382.2,382.4,-25.6,-25.1,9.78432,9.59824
6.93367905,60,60,382.2,382.5,-25.6,-25.1,9.78432,9.60075
6.951229633333333,60,60,382.2,382.5,-25.6,-25.1,9.78432,9.60075
6.968273150000001,60,60,382.2,382.5,-25.6,-25.1,9.78432,9.60075
6.985625533333334,60,60,382.2,382.5,-25.6,-25.1,9.78432,9.60075
7.002975283333333,60,60,382.2,382.5,-25.6,-25.0,9.78432,9.5625
7.019648966666667,60,60,382.3,382.6,-25.6,-25.1,9.786880000000002,9.60326
7.036980783333333,60,61,382.3,382.6,-25.6,-25.0,9.786880000000002,9.565
7.054641533333334,60,61,382.3,382.6,-25.6,-25.1,9.786880000000002,9.60326
7.071308383333334,60,61,382.3,382.6,-25.6,-25.1,9.786880000000002,9.60326
7.088407083333333,60,61,382.3,382.6,-25.6,-25.1,9.786880000000002,9.60326
7.105661133333333,60,61,382.4,382.6,-25.6,-25.0,9.78944,9.565
7.122780666666667,60,61,382.4,382.7,-25.6,-25.0,9.78944,9.5675
7.138989083333333,60,61,382.4,382.7,-25.6,-25.1,9.78944,9.60577
7.156331333333333,60,61,382.4,382.7,-25.5,-25.0,9.751199999999999,9.5675
7.173164450000001,60,61,382.4,382.7,-25.6,-25.0,9.78944,9.5675
7.189650116666666,60,61,382.5,382.7,-25.5,-25.0,9.75375,9.5675
7.206331716666667,60,61,382.5,382.8,-25.5,-25.0,9.75375,9.57
7.222985033333334,60,61,382.5,382.8,-25.5,-25.0,9.75375,9.57
7.239665816666667,60,61,382.5,382.8,-25.5,-25.0,9.75375,9.57
7.25797715,61,61,382.5,382.8,-25.5,-25.0,9.75375,9.57
7.27510265,61,61,382.5,382.8,-25.5,-25.0,9.75375,9.57
7.292022583333333,61,61,382.6,382.8,-25.6,-25.0,9.79456,9.57
7.30899095,61,61,382.6,382.9,-25.6,-25.0,9.79456,9.5725
7.32565695,61,61,382.6,382.9,-25.6,-25.0,9.79456,9.5725
7.34232905,61,61,382.6,382.9,-25.6,-25.0,9.79456,9.5725
7.359648433333334,61,61,382.6,382.9,-25.6,-25.0,9.79456,9.5725
7.376310216666667,61,61,382.7,382.9,-25.6,-25.0,9.797120000000001,9.5725
7.393818066666666,61,61,382.7,383.0,-25.5,-25.0,9.75885,9.575
7.410487516666667,61,61,382.7,383.0,-25.5,-25.0,9.75885,9.575
7.427984683333333,61,61,382.7,383.0,-25.5,-25.0,9.75885,9.575
7.444647266666667,61,61,382.7,383.0,-25.5,-25.0,9.75885,9.575
7.461315499999999,61,61,382.7,383.0,-25.5,-25.0,9.75885,9.575
7.478965349999999,61,61,382.8,383.0,-25.5,-25.0,9.7614,9.575
7.495857383333334,61,61,382.8,383.1,-25.5,-25.0,9.7614,9.5775
7.51297925,61,61,382.8,383.1,-25.5,-25.0,9.7614,9.5775
7.529651366666666,61,61,382.8,383.1,-25.5,-25.0,9.7614,9.5775
7.547869416666666,61,61,382.8,383.1,-25.5,-25.0,9.7614,9.5775
7.564654816666667,61,61,382.8,383.1,-25.5,-25.0,9.7614,9.5775
7.581324366666666,61,61,382.9,383.2,-25.5,-25.0,9.76395,9.58
7.59899885,61,61,382.9,383.2,-25.5,-25.0,9.76395,9.58
7.616315083333334,61,61,382.9,383.2,-25.5,-25.0,9.76395,9.58
7.63297995,61,62,382.9,383.2,-25.5,-25.0,9.76395,9.58
7.650899600000001,61,62,382.9,383.2,-25.5,-25.0,9.76395,9.58
7.667591933333333,61,62,383.0,383.2,-25.5,-25.0,9.7665,9.58
7.684555883333333,61,62,383.0,383.3,-25.5,-25.0,9.7665,9.5825
7.7013801,61,62,383.0,383.3,-25.5,-25.0,9.7665,9.5825
7.718059233333333,61,62,383.0,383.3,-25.5,-25.0,9.7665,9.5825
7.735627983333333,61,62,383.0,383.3,-25.5,-25.0,9.7665,9.5825
7.752322833333333,61,62,383.0,383.3,-25.5,-25.0,9.7665,9.5825
7.768993066666666,61,62,383.1,383.3,-25.5,-25.0,9.769050000000002,9.5825
7.785657,61,62,383.1,383.4,-25.5,-25.0,9.769050000000002,9.585
7.802985583333333,61,62,383.1,383.4,-25.5,-25.0,9.769050000000002,9.585
7.819651950000001,61,62,383.1,383.4,-25.5,-25.0,9.769050000000002,9.585
7.837887566666667,62,62,383.1,383.4,-25.5,-25.0,9.769050000000002,9.585
7.8550884,62,62,383.2,383.4,-25.5,-25.0,9.771600000000001,9.585
7.871755233333333,62,62,383.2,383.4,-25.5,-25.0,9.771600000000001,9.585
7.888996566666666,62,62,383.2,383.5,-25.5,-25.0,9.771600000000001,9.5875
7.906318183333333,62,62,383.2,383.5,-25.5,-25.0,9.771600000000001,9.5875
7.922989666666667,62,62,383.2,383.5,-25.5,-25.0,9.771600000000001,9.5875
7.940280400000001,62,62,383.2,383.5,-25.5,-25.0,9.771600000000001,9.5875
7.9579787,62,62,383.3,383.6,-25.5,-25.0,9.774149999999999,9.59
7.975302983333333,62,62,383.3,383.6,-25.4,-25.0,9.73582,9.59
7.992306316666667,62,62,383.3,383.6,-25.4,-25.0,9.73582,9.59
8.009644933333334,62,62,383.3,383.6,-25.4,-25.0,9.73582,9.59
8.0263114,62,62,383.3,383.6,-25.4,-25.0,9.73582,9.59
8.043823483333334,62,62,383.3,383.6,-25.4,-24.9,9.73582,9.551639999999999
8.061314533333332,62,62,383.4,383.7,-25.4,-24.9,9.738359999999998,9.554129999999999
8.077979266666667,62,62,383.4,383.7,-25.4,-24.9,9.738359999999998,9.554129999999999
8.09464665,62,62,383.4,383.7,-25.4,-24.9,9.738359999999998,9.554129999999999
8.112330433333334,62,62,383.4,383.7,-25.4,-24.9,9.738359999999998,9.554129999999999
8.129647499999999,62,62,383.4,383.7,-25.4,-24.9,9.738359999999998,9.554129999999999
8.146316,62,62,383.5,383.7,-25.4,-24.9,9.7409,9.554129999999999
8.162982633333334,62,62,383.5,383.8,-25.4,-24.9,9.7409,9.556619999999999
8.18131015,62,62,383.5,383.8,-25.4,-24.9,9.7409,9.556619999999999
8.197994833333333,62,62,383.5,383.8,-25.4,-24.9,9.7409,9.556619999999999
8.214660333333333,62,62,383.5,383.8,-25.4,-24.9,9.7409,9.556619999999999
8.231337733333334,62,63,383.5,383.8,-25.4,-24.9,9.7409,9.556619999999999
8.248005066666666,62,63,383.6,383.8,-25.4,-24.9,9.74344,9.556619999999999
8.265022383333333,62,63,383.6,383.9,-25.4,-24.9,9.74344,9.559109999999999
8.281339000000001,62,63,383.6,383.9,-25.4,-24.9,9.74344,9.559109999999999
8.298995849999999,62,63,383.6,383.9,-25.4,-24.9,9.74344,9.559109999999999
8.316312916666668,62,63,383.6,383.9,-25.4,-24.9,9.74344,9.559109999999999
8.332986533333333,62,63,383.6,383.9,-25.4,-24.9,9.74344,9.559109999999999
8.350385966666666,62,63,383.7,384.0,-25.4,-24.9,9.74598,9.561599999999999
8.367046216666667,62,63,383.7,384.0,-25.4,-24.9,9.74598,9.561599999999999
8.384289866666666,62,63,383.7,384.0,-25.4,-24.9,9.74598,9.561599999999999
8.401370983333333,63,63,383.7,384.0,-25.4,-24.9,9.74598,9.561599999999999
8.41804675,63,63,383.7,384.0,-25.4,-24.9,9.74598,9.561599999999999
8.4356621,63,63,383.8,384.0,-25.4,-24.9,9.748520000000001,9.561599999999999
8.452982766666667,63,63,383.8,384.0,-25.4,-24.9,9.748520000000001,9.561599999999999
8.469651366666666,63,63,383.8,384.1,-25.4,-24.9,9.748520000000001,9.56409
8.48631705,63,63,383.8,384.1,-25.4,-24.9,9.748520000000001,9.56409
8.504652566666666,63,63,383.8,384.1,-25.4,-24.9,9.748520000000001,9.56409
8.521768333333332,63,63,383.8,384.1,-25.4,-24.9,9.748520000000001,9.56409
8.538435233333333,63,63,383.9,384.1,-25.4,-24.9,9.751059999999999,9.56409
8.555102333333334,63,63,383.9,384.2,-25.4,-24.9,9.751059999999999,9.56658
8.572334999999999,63,63,383.9,384.2,-25.4,-24.9,9.751059999999999,9.56658
8.589646049999999,63,63,383.9,384.2,-25.3,-24.9,9.71267,9.56658
8.606330400000001,63,63,383.9,384.2,-25.4,-24.9,9.751059999999999,9.56658
8.623009083333333,63,63,383.9,384.2,-25.4,-24.9,9.751059999999999,9.56658
8.639663283333334,63,63,384.0,384.2,-25.3,-24.9,9.715200000000001,9.56658
8.65632995,63,63,384.0,384.3,-25.4,-24.9,9.753599999999999,9.56907
8.674647533333333,63,63,384.0,384.3,-25.3,-24.9,9.715200000000001,9.56907
8.691732116666667,63,63,384.0,384.3,-25.4,-24.9,9.753599999999999,9.56907
8.708690633333333,63,63,384.0,384.3,-25.3,-24.9,9.715200000000001,9.56907
8.725661366666666,63,63,384.0,384.3,-25.3,-24.9,9.715200000000001,9.56907
8.742975566666667,63,63,384.1,384.4,-25.3,-24.9,9.717730000000001,9.57156
8.759650033333333,63,63,384.1,384.4,-25.3,-24.9,9.717730000000001,9.57156
8.776321,63,63,384.1,384.4,-25.3,-24.9,9.717730000000001,9.57156
8.793833133333333,63,63,384.1,384.4,-25.4,-24.9,9.75614,9.57156
8.8105686,63,63,384.1,384.4,-25.3,-24.9,9.717730000000001,9.57156
8.827164366666667,63,64,384.2,384.4,-25.3,-24.9,9.72026,9.57156
8.843832233333334,63,64,384.2,384.5,-25.4,-24.9,9.758679999999998,9.57405
8.861317366666666,63,64,384.2,384.5,-25.3,-24.9,9.72026,9.57405
8.87798365,63,64,384.2,384.5,-25.4,-24.9,9.758679999999998,9.57405
8.894650866666668,63,64,384.2,384.5,-25.4,-24.9,9.758679999999998,9.57405
8.912328650000001,63,64,384.2,384.5,-25.3,-24.9,9.72026,9.57405
8.929000483333333,63,64,384.3,384.6,-25.3,-24.9,9.722790000000002,9.576540000000001
8.94631465,63,64,384.3,384.6,-25.3,-24.9,9.722790000000002,9.576540000000001
8.962986283333334,63,64,384.3,384.6,-25.3,-24.9,9.722790000000002,9.576540000000001
8.981161783333334,63,64,384.3,384.6,-25.3,-24.9,9.722790000000002,9.576540000000001
8.997860683333332,64,64,384.3,384.6,-25.3,-24.9,9.722790000000002,9.576540000000001
9.014670983333332,64,64,384.4,384.6,-25.3,-24.9,9.72532,9.576540000000001
9.031335133333334,64,64,384.4,384.7,-25.3,-24.9,9.72532,9.57903
9.048997333333332,64,64,384.4,384.7,-25.3,-24.9,9.72532,9.57903
9.066319083333331,64,64,384.4,384.7,-25.3,-24.9,9.72532,9.57903
9.083737866666668,64,64,384.4,384.7,-25.3,-24.9,9.72532,9.57903
9.100346016666668,64,64,384.4,384.7,-25.3,-24.9,9.72532,9.57903
9.117613983333332,64,64,384.5,384.8,-25.3,-24.9,9.72785,9.581520000000001
9.134656766666666,64,64,384.5,384.8,-25.3,-24.9,9.72785,9.581520000000001
9.1514108,64,64,384.5,384.8,-25.3,-24.9,9.72785,9.581520000000001
9.16899755,64,64,384.5,384.8,-25.3,-24.9,9.72785,9.581520000000001
9.186315966666667,64,64,384.5,384.8,-25.3,-24.9,9.72785,9.581520000000001
9.202988966666666,64,64,384.6,384.9,-25.3,-24.9,9.73038,9.58401
9.2196541,64,64,384.6,384.9,-25.3,-24.9,9.73038,9.58401
9.236318433333334,64,64,384.6,384.9,-25.3,-24.9,9.73038,9.58401
9.254529466666668,64,64,384.6,384.9,-25.3,-24.9,9.73038,9.58401
9.271319516666669,64,64,384.6,384.9,-25.3,-24.9,9.73038,9.58401
9.287987933333332,64,64,384.6,384.9,-25.3,-24.9,9.73038,9.58401
9.3051179,64,64,384.7,385.0,-25.3,-24.9,9.73291,9.5865
9.3223069,64,64,384.7,385.0,-25.3,-24.9,9.73291,9.5865
9.339644283333334,64,64,384.7,385.0,-25.3,-24.9,9.73291,9.5865
9.356343733333333,64,64,384.7,385.0,-25.2,-24.9,9.694439999999998,9.5865
9.373004533333331,64,64,384.7,385.0,-25.3,-24.9,9.73291,9.5865
9.390346916666664,64,64,384.8,385.1,-25.2,-24.9,9.696959999999999,9.588989999999999
9.406336633333332,64,64,384.8,385.1,-25.2,-24.8,9.696959999999999,9.550480000000002
9.424651066666668,64,65,384.8,385.1,-25.2,-24.8,9.696959999999999,9.550480000000002
9.441317133333332,64,65,384.8,385.1,-25.2,-24.9,9.696959999999999,9.588989999999999
9.4579863,64,65,384.8,385.1,-25.2,-24.8,9.696959999999999,9.550480000000002
9.475358,64,65,384.9,385.1,-25.2,-24.9,9.69948,9.588989999999999
9.492333033333331,64,65,384.9,385.2,-25.2,-24.8,9.69948,9.552959999999999
9.50900265,64,65,384.9,385.2,-25.2,-24.8,9.69948,9.552959999999999
9.525666083333332,64,65,384.9,385.2,-25.2,-24.8,9.69948,9.552959999999999
9.54297925,64,65,384.9,385.2,-25.2,-24.8,9.69948,9.552959999999999
9.559654533333331,64,65,385.0,385.2,-25.2,-24.8,9.702,9.552959999999999
9.577182716666666,65,65,385.0,385.3,-25.2,-24.8,9.702,9.55544
9.593836566666669,65,65,385.0,385.3,-25.2,-24.8,9.702,9.55544
9.6105043,65,65,385.0,385.3,-25.2,-24.8,9.702,9.55544
9.627183466666668,65,65,385.0,385.3,-25.2,-24.8,9.702,9.55544
9.644655816666669,65,65,385.1,385.3,-25.2,-24.8,9.70452,9.55544
9.66131885,65,65,385.1,385.4,-25.2,-24.8,9.70452,9.55792
9.677982166666668,65,65,385.1,385.4,-25.2,-24.8,9.70452,9.55792
9.696314016666667,65,65,385.1,385.4,-25.2,-24.8,9.70452,9.55792
9.71298795,65,65,385.1,385.4,-25.2,-24.8,9.70452,9.55792
9.7296501,65,65,385.2,385.4,-25.2,-24.8,9.70704,9.55792
9.7471595,65,65,385.2,385.5,-25.2,-24.8,9.70704,9.5604
9.7644755,65,65,385.2,385.5,-25.2,-24.8,9.70704,9.5604
9.781341116666663,65,65,385.2,385.5,-25.2,-24.8,9.70704,9.5604
9.798009216666664,65,65,385.2,385.5,-25.2,-24.8,9.70704,9.5604
9.815670366666666,65,65,385.3,385.5,-25.2,-24.8,9.70956,9.5604
9.83233945,65,65,385.3,385.6,-25.2,-24.8,9.70956,9.562880000000002
9.8490014,65,65,385.3,385.6,-25.2,-24.8,9.70956,9.562880000000002
9.865673983333334,65,65,385.3,385.6,-25.2,-24.8,9.70956,9.562880000000002
9.882988116666668,65,65,385.3,385.6,-25.2,-24.8,9.70956,9.562880000000002
9.89965015,65,65,385.4,385.6,-25.2,-24.8,9.71208,9.562880000000002
9.916320233333334,65,65,385.4,385.7,-25.2,-24.8,9.71208,9.56536
9.932987399999998,65,65,385.4,385.7,-25.2,-24.8,9.71208,9.56536
9.950400483333333,65,65,385.4,385.7,-25.2,-24.8,9.71208,9.56536
9.967034566666667,65,65,385.4,385.7,-25.1,-24.8,9.673540000000001,9.56536
9.983709,65,65,385.5,385.7,-25.2,-24.8,9.7146,9.56536
10.0008757,65,65,385.5,385.8,-25.1,-24.8,9.676050000000002,9.56784
10.017057233333334,65,66,385.5,385.8,-25.1,-24.8,9.676050000000002,9.56784
10.034202566666666,65,66,385.5,385.8,-25.1,-24.8,9.676050000000002,9.56784
10.050902716666666,65,66,385.5,385.8,-25.2,-24.8,9.7146,9.56784
10.068052816666668,65,66,385.5,385.8,-25.1,-24.8,9.676050000000002,9.56784
10.08471955,65,66,385.6,385.9,-25.1,-24.8,9.678560000000001,9.570319999999999
10.101419716666664,65,66,385.6,385.9,-25.1,-24.8,9.678560000000001,9.570319999999999
10.119002733333334,65,66,385.6,385.9,-25.1,-24.8,9.678560000000001,9.570319999999999
10.136318333333334,65,66,385.6,385.9,-25.1,-24.8,9.678560000000001,9.570319999999999
10.152986416666668,66,66,385.7,385.9,-25.1,-24.8,9.68107,9.570319999999999
10.16965285,66,66,385.7,386.0,-25.1,-24.8,9.68107,9.5728
10.186501516666668,66,66,385.7,386.0,-25.1,-24.8,9.68107,9.5728
10.2029899,66,66,385.7,386.0,-25.1,-24.8,9.68107,9.5728
10.221197833333331,66,66,385.7,386.0,-25.1,-24.8,9.68107,9.5728
10.237987666666667,66,66,385.8,386.0,-25.1,-24.8,9.68358,9.5728
10.254656383333334,66,66,385.8,386.1,-25.1,-24.8,9.68358,9.575280000000001
10.271320116666669,66,66,385.8,386.1,-25.1,-24.8,9.68358,9.575280000000001
10.28798815,66,66,385.8,386.1,-25.1,-24.8,9.68358,9.575280000000001
10.305138116666669,66,66,385.8,386.1,-25.1,-24.8,9.68358,9.575280000000001
10.321805066666666,66,66,385.9,386.1,-25.1,-24.8,9.68609,9.575280000000001
10.339002733333333,66,66,385.9,386.2,-25.1,-24.8,9.68609,9.57776
10.355674366666667,66,66,385.9,386.2,-25.1,-24.8,9.68609,9.57776
10.373015783333337,66,66,385.9,386.2,-25.1,-24.8,9.68609,9.57776
10.389682866666666,66,66,385.9,386.2,-25.1,-24.8,9.68609,9.57776
10.406348566666669,66,66,386.0,386.2,-25.1,-24.8,9.688600000000001,9.57776
10.423209833333331,66,66,386.0,386.3,-25.1,-24.7,9.688600000000001,9.54161
10.439679916666668,66,66,386.0,386.3,-25.1,-24.8,9.688600000000001,9.58024
10.457856666666666,66,66,386.0,386.3,-25.1,-24.8,9.688600000000001,9.58024
10.4746583,66,66,386.0,386.3,-25.1,-24.8,9.688600000000001,9.58024
10.491361783333334,66,66,386.1,386.3,-25.1,-24.8,9.69111,9.58024
10.508616266666667,66,66,386.1,386.4,-25.1,-24.8,9.69111,9.58272
10.52535615,66,66,386.1,386.4,-25.1,-24.8,9.69111,9.58272
10.542019066666668,66,66,386.1,386.4,-25.1,-24.8,9.69111,9.58272
10.558689433333337,66,66,386.1,386.4,-25.1,-24.8,9.69111,9.58272
10.5756756,66,66,386.2,386.5,-25.1,-24.8,9.693620000000001,9.5852
10.592991833333333,66,66,386.2,386.5,-25.1,-24.8,9.693620000000001,9.5852
10.609652983333334,66,66,386.2,386.5,-25.0,-24.7,9.655,9.54655
10.626323116666669,66,67,386.2,386.5,-25.1,-24.7,9.693620000000001,9.54655
10.643847,66,67,386.3,386.5,-25.0,-24.7,9.6575,9.54655
10.660521833333334,66,67,386.3,386.6,-25.0,-24.7,9.6575,9.54902
10.677989116666666,66,67,386.3,386.6,-25.0,-24.7,9.6575,9.54902
10.694657983333334,66,67,386.3,386.6,-25.0,-24.8,9.6575,9.58768
10.711319683333333,66,67,386.3,386.6,-25.0,-24.8,9.6575,9.58768
10.727989416666668,66,67,386.4,386.6,-25.0,-24.7,9.66,9.54902
10.7446586,67,67,386.4,386.7,-25.0,-24.7,9.66,9.55149
10.76132195,67,67,386.4,386.7,-25.0,-24.8,9.66,9.59016
10.777991466666666,67,67,386.4,386.7,-25.0,-24.7,9.66,9.55149
10.794656,67,67,386.5,386.7,-25.0,-24.7,9.6625,9.55149
10.81234445,67,67,386.5,386.8,-25.0,-24.7,9.6625,9.55396
10.829652433333331,67,67,386.5,386.8,-25.0,-24.7,9.6625,9.55396
10.846322366666666,67,67,386.5,386.8,-25.0,-24.7,9.6625,9.55396
10.862992933333333,67,67,386.5,386.8,-25.0,-24.7,9.6625,9.55396
10.881191616666666,67,67,386.6,386.8,-25.0,-24.7,9.665,9.55396
10.898026933333334,67,67,386.6,386.9,-25.0,-24.7,9.665,9.556429999999999
10.9146939,67,67,386.6,386.9,-25.0,-24.7,9.665,9.556429999999999
10.93135235,67,67,386.6,386.9,-25.0,-24.7,9.665,9.556429999999999
10.948017683333331,67,67,386.6,386.9,-25.0,-24.7,9.665,9.556429999999999
10.9646861,67,67,386.7,387.0,-25.0,-24.7,9.6675,9.5589
10.982345400000002,67,67,386.7,387.0,-25.0,-24.7,9.6675,9.5589
10.99965925,67,67,386.7,387.0,-25.0,-24.7,9.6675,9.5589
11.016325933333333,67,67,386.7,387.0,-25.0,-24.7,9.6675,9.5589
11.03298905,67,67,386.8,387.0,-25.0,-24.7,9.67,9.5589
11.0503588,67,67,386.8,387.1,-25.0,-24.7,9.67,9.56137
11.067059966666667,67,67,386.8,387.1,-25.0,-24.7,9.67,9.56137
11.0841039,67,67,386.8,387.1,-24.9,-24.7,9.63132,9.56137
11.100926083333333,67,67,386.9,387.1,-25.0,-24.7,9.6725,9.56137
11.118041316666668,67,67,386.9,387.2,-25.0,-24.7,9.6725,9.56384
11.134722816666663,67,67,386.9,387.2,-25.0,-24.7,9.6725,9.56384
11.1514106,67,67,386.9,387.2,-25.0,-24.7,9.6725,9.56384
11.168052766666666,67,67,386.9,387.2,-24.9,-24.7,9.633809999999999,9.56384
11.185672966666669,67,67,387.0,387.3,-24.9,-24.7,9.636299999999999,9.56631
11.202990666666668,67,67,387.0,387.3,-25.0,-24.7,9.675,9.56631
11.219655816666668,67,68,387.0,387.3,-25.0,-24.7,9.675,9.56631
11.23632365,67,68,387.0,387.3,-25.0,-24.7,9.675,9.56631
11.252991933333332,67,68,387.0,387.3,-24.9,-24.7,9.636299999999999,9.56631
11.26996655,67,68,387.1,387.4,-24.9,-24.7,9.63879,9.568779999999999
11.286324083333332,67,68,387.1,387.4,-24.9,-24.7,9.63879,9.568779999999999
11.302986316666669,67,68,387.1,387.4,-24.9,-24.7,9.63879,9.568779999999999
11.321328416666669,68,68,387.1,387.4,-24.9,-24.7,9.63879,9.568779999999999
11.337993016666667,68,68,387.2,387.5,-24.9,-24.7,9.641279999999998,9.57125
11.3546587,68,68,387.2,387.5,-24.9,-24.7,9.641279999999998,9.57125
11.371325716666666,68,68,387.2,387.5,-24.9,-24.7,9.641279999999998,9.57125
11.3884923,68,68,387.2,387.5,-24.9,-24.7,9.641279999999998,9.57125
11.405159166666667,68,68,387.3,387.5,-24.9,-24.7,9.64377,9.57125
11.422347483333334,68,68,387.3,387.6,-24.9,-24.7,9.64377,9.573720000000002
11.4396596,68,68,387.3,387.6,-24.9,-24.7,9.64377,9.573720000000002
11.456355383333332,68,68,387.3,387.6,-24.9,-24.7,9.64377,9.573720000000002
11.473022033333336,68,68,387.4,387.6,-24.9,-24.7,9.646259999999998,9.573720000000002
11.49034625,68,68,387.4,387.7,-24.9,-24.7,9.646259999999998,9.576189999999999
11.507989066666669,68,68,387.4,387.7,-24.9,-24.7,9.646259999999998,9.576189999999999
11.524658316666669,68,68,387.4,387.7,-24.9,-24.7,9.646259999999998,9.576189999999999
11.541319666666668,68,68,387.5,387.7,-24.9,-24.7,9.64875,9.576189999999999
11.558764066666669,68,68,387.5,387.8,-24.9,-24.7,9.64875,9.57866
11.575359933333331,68,68,387.5,387.8,-24.9,-24.7,9.64875,9.57866
11.592346999999998,68,68,387.5,387.8,-24.9,-24.7,9.64875,9.57866
11.609007466666666,68,68,387.6,387.8,-24.9,-24.7,9.65124,9.57866
11.6256804,68,68,387.6,387.9,-24.9,-24.6,9.65124,9.54234
11.642344416666669,68,68,387.6,387.9,-24.9,-24.6,9.65124,9.54234
11.659663,68,68,387.6,387.9,-24.9,-24.6,9.65124,9.54234
11.676324666666666,68,68,387.6,387.9,-24.9,-24.7,9.65124,9.58113
11.692994016666663,68,68,387.7,388.0,-24.9,-24.7,9.65373,9.5836
11.710527216666668,68,68,387.7,388.0,-24.9,-24.7,9.65373,9.5836
11.727191016666668,68,68,387.7,388.0,-24.9,-24.6,9.65373,9.5448
11.743857,68,68,387.7,388.0,-24.9,-24.6,9.65373,9.5448
11.76132595,68,68,387.8,388.0,-24.9,-24.6,9.65622,9.5448
11.777991983333331,68,68,387.8,388.1,-24.8,-24.6,9.61744,9.54726
11.794661766666668,68,68,387.8,388.1,-24.8,-24.6,9.61744,9.54726
11.812304783333332,68,68,387.8,388.1,-24.8,-24.6,9.61744,9.54726
11.8296539,68,68,387.9,388.2,-24.8,-24.6,9.61992,9.54972
11.846327100000002,68,69,387.9,388.2,-24.8,-24.7,9.61992,9.588539999999998
11.863542016666663,68,69,387.9,388.2,-24.9,-24.6,9.65871,9.54972
11.87966135,68,69,387.9,388.2,-24.8,-24.7,9.61992,9.588539999999998
11.896326266666666,68,69,388.0,388.2,-24.8,-24.6,9.622399999999999,9.54972
11.914653016666666,69,69,388.0,388.3,-24.8,-24.6,9.622399999999999,9.55218
11.93136225,69,69,388.0,388.3,-24.8,-24.6,9.622399999999999,9.55218
11.9480321,69,69,388.0,388.3,-24.8,-24.6,9.622399999999999,9.55218
11.964714816666666,69,69,388.0,388.3,-24.8,-24.6,9.622399999999999,9.55218
11.9823478,69,69,388.1,388.4,-24.8,-24.6,9.624880000000001,9.55464
11.999663416666667,69,69,388.1,388.4,-24.8,-24.6,9.624880000000001,9.55464
12.016325983333331,69,69,388.1,388.4,-24.8,-24.6,9.624880000000001,9.55464
12.033791683333334,69,69,388.2,388.4,-24.8,-24.6,9.627360000000001,9.55464
12.050430683333332,69,69,388.2,388.5,-24.8,-24.6,9.627360000000001,9.5571
12.067591683333337,69,69,388.2,388.5,-24.8,-24.6,9.627360000000001,9.5571
12.084745333333332,69,69,388.2,388.5,-24.8,-24.6,9.627360000000001,9.5571
12.101415983333334,69,69,388.2,388.5,-24.8,-24.6,9.627360000000001,9.5571
12.118060733333332,69,69,388.3,388.6,-24.8,-24.6,9.62984,9.559560000000001
12.13552845,69,69,388.3,388.6,-24.8,-24.6,9.62984,9.559560000000001
12.152350283333334,69,69,388.3,388.6,-24.8,-24.6,9.62984,9.559560000000001
12.169654816666666,69,69,388.4,388.6,-24.8,-24.6,9.63232,9.559560000000001
12.186325733333334,69,69,388.4,388.7,-24.8,-24.6,9.63232,9.56202
12.202995066666666,69,69,388.4,388.7,-24.7,-24.6,9.59348,9.56202
12.219659783333334,69,69,388.4,388.7,-24.8,-24.6,9.63232,9.56202
12.236325983333334,69,69,388.4,388.7,-24.7,-24.6,9.59348,9.56202
12.25327965,69,69,388.5,388.8,-24.7,-24.6,9.595949999999998,9.564480000000001
12.271318983333332,69,69,388.5,388.8,-24.8,-24.6,9.6348,9.564480000000001
12.28799725,69,69,388.5,388.8,-24.8,-24.6,9.6348,9.564480000000001
12.305177333333331,69,69,388.5,388.8,-24.7,-24.6,9.595949999999998,9.564480000000001
12.321844416666668,69,69,388.6,388.9,-24.8,-24.6,9.63728,9.56694
12.338511466666668,69,69,388.6,388.9,-24.7,-24.6,9.59842,9.56694
12.35568115,69,69,388.6,388.9,-24.8,-24.6,9.63728,9.56694
12.37235035,69,69,388.6,388.9,-24.8,-24.6,9.63728,9.56694
12.389014166666666,69,69,388.7,389.0,-24.7,-24.6,9.60089,9.569400000000002
12.4063271,69,69,388.7,389.0,-24.8,-24.6,9.63976,9.569400000000002
12.42303065,69,69,388.7,389.0,-24.7,-24.6,9.60089,9.569400000000002
12.439875616666669,69,69,388.8,389.0,-24.7,-24.6,9.60336,9.569400000000002
12.456376033333331,69,70,388.8,389.1,-24.7,-24.6,9.60336,9.571860000000001
12.473030716666669,69,70,388.8,389.1,-24.7,-24.5,9.60336,9.532950000000001
12.489698533333334,69,70,388.8,389.1,-24.7,-24.5,9.60336,9.532950000000001
12.50636425,69,70,388.9,389.1,-24.7,-24.5,9.60583,9.532950000000001
12.523043133333331,70,70,388.9,389.2,-24.7,-24.6,9.60583,9.57432
12.541329666666668,70,70,388.9,389.2,-24.7,-24.5,9.60583,9.5354
12.557994566666666,70,70,388.9,389.2,-24.7,-24.5,9.60583,9.5354
12.574660216666668,70,70,389.0,389.2,-24.7,-24.5,9.6083,9.5354
12.591956616666666,70,70,389.0,389.3,-24.7,-24.5,9.6083,9.53785
12.608694766666666,70,70,389.0,389.3,-24.7,-24.5,9.6083,9.53785
12.626183983333334,70,70,389.0,389.3,-24.7,-24.5,9.6083,9.53785
12.6429963,70,70,389.1,389.4,-24.7,-24.5,9.61077,9.540299999999998
12.659664916666667,70,70,389.1,389.4,-24.7,-24.5,9.61077,9.540299999999998
12.67721305,70,70,389.1,389.4,-24.7,-24.5,9.61077,9.540299999999998
12.693864983333333,70,70,389.1,389.4,-24.7,-24.5,9.61077,9.540299999999998
12.711328233333331,70,70,389.2,389.5,-24.7,-24.5,9.61324,9.54275
12.727999083333332,70,70,389.2,389.5,-24.6,-24.5,9.57432,9.54275
12.7446625,70,70,389.2,389.5,-24.6,-24.5,9.57432,9.54275
12.761333816666667,70,70,389.2,389.5,-24.6,-24.5,9.57432,9.54275
12.778295433333334,70,70,389.3,389.6,-24.6,-24.5,9.576780000000001,9.545200000000001
12.79564215,70,70,389.3,389.6,-24.6,-24.5,9.576780000000001,9.545200000000001
12.812345133333332,70,70,389.3,389.6,-24.6,-24.5,9.576780000000001,9.545200000000001
12.829661766666666,70,70,389.4,389.6,-24.6,-24.5,9.57924,9.545200000000001
12.846329566666666,70,70,389.4,389.7,-24.6,-24.5,9.57924,9.547649999999999
12.8637583,70,70,389.4,389.7,-24.6,-24.5,9.57924,9.547649999999999
12.879667633333332,70,70,389.4,389.7,-24.6,-24.5,9.57924,9.547649999999999
12.896442083333334,70,70,389.5,389.7,-24.6,-24.5,9.581700000000001,9.547649999999999
12.912997616666663,70,70,389.5,389.8,-24.6,-24.5,9.581700000000001,9.5501
12.9313216,70,70,389.5,389.8,-24.6,-24.5,9.581700000000001,9.5501
12.948035733333333,70,70,389.5,389.8,-24.6,-24.5,9.581700000000001,9.5501
12.964719033333331,70,70,389.6,389.9,-24.6,-24.5,9.584160000000002,9.55255
12.981372616666668,70,70,389.6,389.9,-24.6,-24.5,9.584160000000002,9.55255
12.998658366666666,70,70,389.6,389.9,-24.6,-24.5,9.584160000000002,9.55255
13.015676433333333,70,70,389.6,389.9,-24.6,-24.5,9.584160000000002,9.55255
13.032352583333331,70,70,389.7,390.0,-24.6,-24.5,9.58662,9.555
13.049016233333337,70,70,389.7,390.0,-24.6,-24.5,9.58662,9.555
13.0663264,70,71,389.7,390.0,-24.6,-24.5,9.58662,9.555
13.083000783333334,70,71,389.8,390.0,-24.6,-24.5,9.58908,9.555
13.099664216666667,70,71,389.8,390.1,-24.6,-24.5,9.58908,9.557450000000001
13.1170139,71,71,389.8,390.1,-24.6,-24.5,9.58908,9.557450000000001
13.1336749,71,71,389.8,390.1,-24.6,-24.5,9.58908,9.557450000000001
13.151178450000002,71,71,389.9,390.1,-24.6,-24.5,9.59154,9.557450000000001
13.168046333333336,71,71,389.9,390.2,-24.6,-24.5,9.59154,9.559899999999999
13.184754483333332,71,71,389.9,390.2,-24.6,-24.5,9.59154,9.559899999999999
13.2016654,71,71,389.9,390.2,-24.6,-24.5,9.59154,9.559899999999999
13.218875566666666,71,71,390.0,390.2,-24.6,-24.5,9.594,9.559899999999999
13.235542283333334,71,71,390.0,390.3,-24.6,-24.5,9.594,9.56235
13.2523527,71,71,390.0,390.3,-24.6,-24.4,9.594,9.52332
13.2690214,71,71,390.0,390.3,-24.6,-24.4,9.594,9.52332
13.285685583333333,71,71,390.1,390.4,-24.6,-24.4,9.59646,9.525759999999998
13.302999633333334,71,71,390.1,390.4,-24.6,-24.4,9.59646,9.525759999999998
13.319661383333331,71,71,390.1,390.4,-24.6,-24.4,9.59646,9.525759999999998
13.336335233333331,71,71,390.2,390.4,-24.6,-24.4,9.59892,9.525759999999998
13.352999983333332,71,71,390.2,390.5,-24.6,-24.4,9.59892,9.528199999999998
13.369662133333334,71,71,390.2,390.5,-24.6,-24.4,9.59892,9.528199999999998
13.38633205,71,71,390.2,390.5,-24.6,-24.4,9.59892,9.528199999999998
13.4030003,71,71,390.3,390.5,-24.6,-24.4,9.60138,9.528199999999998
13.420311683333331,71,71,390.3,390.6,-24.5,-24.4,9.56235,9.53064
13.438025516666666,71,71,390.3,390.6,-24.5,-24.4,9.56235,9.53064
13.454669966666666,71,71,390.3,390.6,-24.5,-24.4,9.56235,9.53064
13.471336216666666,71,71,390.4,390.7,-24.5,-24.4,9.5648,9.53308
13.488003716666666,71,71,390.4,390.7,-24.5,-24.4,9.5648,9.53308
13.505200333333333,71,71,390.4,390.7,-24.5,-24.4,9.5648,9.53308
13.522347916666666,71,71,390.5,390.7,-24.5,-24.4,9.56725,9.53308
13.539019366666666,71,71,390.5,390.8,-24.5,-24.4,9.56725,9.53552
13.55638225,71,71,390.5,390.8,-24.5,-24.4,9.56725,9.53552
13.573065116666667,71,71,390.5,390.8,-24.5,-24.4,9.56725,9.53552
13.589708866666667,71,71,390.6,390.9,-24.5,-24.4,9.569700000000001,9.53796
13.60637525,71,71,390.6,390.9,-24.5,-24.4,9.569700000000001,9.53796
13.624665166666666,71,71,390.6,390.9,-24.5,-24.4,9.569700000000001,9.53796
13.641328616666666,71,71,390.6,390.9,-24.5,-24.4,9.569700000000001,9.53796
13.657999783333333,71,71,390.7,391.0,-24.5,-24.4,9.572149999999999,9.5404
13.6746655,71,71,390.7,391.0,-24.5,-24.4,9.572149999999999,9.5404
13.69205385,71,72,390.7,391.0,-24.5,-24.4,9.572149999999999,9.5404
13.708717633333332,72,72,390.7,391.0,-24.5,-24.4,9.572149999999999,9.5404
13.72538235,72,72,390.8,391.1,-24.5,-24.4,9.5746,9.54284
13.7423037,72,72,390.8,391.1,-24.5,-24.4,9.5746,9.54284
13.759023033333332,72,72,390.8,391.1,-24.5,-24.4,9.5746,9.54284
13.776330766666668,72,72,390.9,391.2,-24.5,-24.4,9.57705,9.545279999999998
13.79298335,72,72,390.9,391.2,-24.5,-24.4,9.57705,9.545279999999998
13.809671783333334,72,72,390.9,391.2,-24.5,-24.4,9.57705,9.545279999999998
13.826336766666667,72,72,390.9,391.2,-24.5,-24.4,9.57705,9.545279999999998
13.8430037,72,72,391.0,391.3,-24.5,-24.4,9.5795,9.54772
13.860542666666667,72,72,391.0,391.3,-24.5,-24.4,9.5795,9.54772
13.877208766666666,72,72,391.0,391.3,-24.5,-24.4,9.5795,9.54772
13.89466145,72,72,391.1,391.4,-24.5,-24.4,9.58195,9.550159999999998
13.911360483333333,72,72,391.1,391.4,-24.5,-24.4,9.58195,9.550159999999998
13.9280011,72,72,391.1,391.4,-24.4,-24.4,9.54284,9.550159999999998
13.94466575,72,72,391.1,391.4,-24.5,-24.4,9.58195,9.550159999999998
13.962364383333334,72,72,391.2,391.5,-24.5,-24.4,9.5844,9.552599999999998
13.979670816666664,72,72,391.2,391.5,-24.4,-24.4,9.545279999999998,9.552599999999998
13.99633545,72,72,391.2,391.5,-24.4,-24.4,9.545279999999998,9.552599999999998
14.012999266666666,72,72,391.3,391.5,-24.4,-24.4,9.54772,9.552599999999998
14.029665266666669,72,72,391.3,391.6,-24.4,-24.3,9.54772,9.515880000000001
14.046337066666668,72,72,391.3,391.6,-24.4,-24.3,9.54772,9.515880000000001
14.063191616666666,72,72,391.3,391.6,-24.4,-24.3,9.54772,9.515880000000001
14.08112135,72,72,391.4,391.7,-24.4,-24.3,9.550159999999998,9.51831
14.097998866666668,72,72,391.4,391.7,-24.4,-24.3,9.550159999999998,9.51831
14.1147263,72,72,391.4,391.7,-24.4,-24.3,9.550159999999998,9.51831
14.13137955,72,72,391.5,391.8,-24.4,-24.3,9.552599999999998,9.52074
14.148047466666666,72,72,391.5,391.8,-24.4,-24.3,9.552599999999998,9.52074
14.165540666666663,72,72,391.5,391.8,-24.4,-24.3,9.552599999999998,9.52074
14.181394283333333,72,72,391.5,391.8,-24.4,-24.3,9.552599999999998,9.52074
14.199019516666668,72,72,391.6,391.9,-24.4,-24.3,9.555040000000002,9.52317
14.216335816666666,72,72,391.6,391.9,-24.4,-24.3,9.555040000000002,9.52317
14.23300715,72,72,391.6,391.9,-24.4,-24.3,9.555040000000002,9.52317
14.250306566666666,72,72,391.7,391.9,-24.4,-24.3,9.55748,9.52317
14.267129783333331,72,72,391.7,392.0,-24.4,-24.3,9.55748,9.5256
14.2837017,72,72,391.7,392.0,-24.4,-24.3,9.55748,9.5256
14.300939183333334,73,73,391.7,392.0,-24.4,-24.3,9.55748,9.5256
14.31806375,73,73,391.8,392.0,-24.4,-24.3,9.55992,9.5256
14.3347596,73,73,391.8,392.1,-24.4,-24.3,9.55992,9.528030000000001
14.351393216666668,73,73,391.8,392.1,-24.3,-24.3,9.52074,9.528030000000001
14.3688805,73,73,391.8,392.1,-24.4,-24.3,9.55992,9.528030000000001
14.3855494,73,73,391.9,392.2,-24.4,-24.3,9.562359999999998,9.53046
14.40261755,73,73,391.9,392.2,-24.4,-24.3,9.562359999999998,9.53046
14.4190184,73,73,391.9,392.2,-24.4,-24.2,9.562359999999998,9.49124
14.436336716666666,73,73,392.0,392.2,-24.3,-24.3,9.5256,9.53046
14.453000916666667,73,73,392.0,392.3,-24.4,-24.2,9.5648,9.49366
14.469671233333331,73,73,392.0,392.3,-24.4,-24.3,9.5648,9.532890000000002
14.486343033333334,73,73,392.0,392.3,-24.4,-24.3,9.5648,9.532890000000002
14.503415416666668,73,73,392.1,392.3,-24.4,-24.3,9.56724,9.532890000000002
14.52133,73,73,392.1,392.4,-24.4,-24.3,9.56724,9.53532
14.538006316666666,73,73,392.1,392.4,-24.3,-24.3,9.528030000000001,9.53532
14.555221383333334,73,73,392.1,392.4,-24.3,-24.3,9.528030000000001,9.53532
14.571888383333333,73,73,392.2,392.5,-24.3,-24.3,9.53046,9.53775
14.58902385,73,73,392.2,392.5,-24.3,-24.3,9.53046,9.53775
14.605688766666669,73,73,392.2,392.5,-24.3,-24.2,9.53046,9.4985
14.623054483333332,73,73,392.3,392.6,-24.3,-24.2,9.532890000000002,9.50092
14.639717116666668,73,73,392.3,392.6,-24.3,-24.2,9.532890000000002,9.50092
14.656387533333334,73,73,392.3,392.6,-24.3,-24.2,9.532890000000002,9.50092
14.673051283333336,73,73,392.3,392.6,-24.3,-24.2,9.532890000000002,9.50092
14.69112615,73,73,392.4,392.7,-24.3,-24.2,9.53532,9.50334
14.708008633333334,73,73,392.4,392.7,-24.3,-24.2,9.53532,9.50334
14.724673933333332,73,73,392.4,392.7,-24.3,-24.2,9.53532,9.50334
14.74133735,73,73,392.5,392.8,-24.3,-24.2,9.53775,9.50576
14.758000783333332,73,73,392.5,392.8,-24.3,-24.2,9.53775,9.50576
14.775396766666669,73,73,392.5,392.8,-24.3,-24.2,9.53775,9.50576
14.7920613,73,73,392.5,392.8,-24.3,-24.2,9.53775,9.50576
14.80902285,73,73,392.6,392.9,-24.3,-24.2,9.54018,9.508179999999998
14.826334116666668,73,73,392.6,392.9,-24.3,-24.2,9.54018,9.508179999999998
14.843009366666667,73,73,392.6,392.9,-24.3,-24.2,9.54018,9.508179999999998
14.85967365,73,73,392.7,393.0,-24.3,-24.2,9.54261,9.5106
14.8772265,73,73,392.7,393.0,-24.3,-24.2,9.54261,9.5106
14.893893466666666,74,73,392.7,393.0,-24.2,-24.2,9.50334,9.5106
14.911340383333332,74,74,392.7,393.0,-24.3,-24.2,9.54261,9.5106
14.92800625,74,74,392.8,393.1,-24.2,-24.2,9.50576,9.513020000000001
14.944672166666663,74,74,392.8,393.1,-24.3,-24.2,9.54504,9.513020000000001
14.962131033333332,74,74,392.8,393.1,-24.3,-24.2,9.54504,9.513020000000001
14.97801015,74,74,392.9,393.1,-24.3,-24.2,9.547469999999999,9.513020000000001
14.995694683333332,74,74,392.9,393.2,-24.3,-24.2,9.547469999999999,9.515439999999998
15.012997666666667,74,74,392.9,393.2,-24.3,-24.2,9.547469999999999,9.515439999999998
15.029669183333333,74,74,393.0,393.2,-24.3,-24.2,9.5499,9.515439999999998
15.046335183333332,74,74,393.0,393.3,-24.3,-24.2,9.5499,9.51786
15.063002216666668,74,74,393.0,393.3,-24.2,-24.2,9.5106,9.51786
15.081178383333333,74,74,393.0,393.3,-24.2,-24.2,9.5106,9.51786
15.097998683333334,74,74,393.1,393.4,-24.2,-24.2,9.513020000000001,9.52028
15.114721783333334,74,74,393.1,393.4,-24.2,-24.2,9.513020000000001,9.52028
15.131398516666666,74,74,393.1,393.4,-24.2,-24.2,9.513020000000001,9.52028
15.148974233333334,74,74,393.1,393.4,-24.2,-24.2,9.513020000000001,9.52028
15.165690216666668,74,74,393.2,393.5,-24.2,-24.2,9.515439999999998,9.522699999999999
15.183009633333333,74,74,393.2,393.5,-24.2,-24.2,9.515439999999998,9.522699999999999
15.199668516666668,74,74,393.2,393.5,-24.2,-24.1,9.515439999999998,9.48335
15.21699655,74,74,393.3,393.6,-24.2,-24.1,9.51786,9.48576
15.233677,74,74,393.3,393.6,-24.2,-24.1,9.51786,9.48576
15.250986083333334,74,74,393.3,393.6,-24.2,-24.1,9.51786,9.48576
15.26799175,74,74,393.3,393.6,-24.2,-24.1,9.51786,9.48576
15.2847345,74,74,393.4,393.7,-24.2,-24.1,9.52028,9.48817
15.301397833333333,74,74,393.4,393.7,-24.2,-24.1,9.52028,9.48817
15.319029233333332,74,74,393.4,393.7,-24.2,-24.1,9.52028,9.48817
15.335689583333334,74,74,393.5,393.8,-24.2,-24.1,9.522699999999999,9.49058
15.35236505,74,74,393.5,393.8,-24.2,-24.1,9.522699999999999,9.49058
15.369672966666666,74,74,393.5,393.8,-24.2,-24.1,9.522699999999999,9.49058
15.386339516666668,74,74,393.5,393.8,-24.2,-24.1,9.522699999999999,9.49058
15.404450333333331,74,74,393.6,393.9,-24.2,-24.1,9.525120000000001,9.492989999999999
15.42133795,74,74,393.6,393.9,-24.2,-24.1,9.525120000000001,9.492989999999999
15.438572716666666,74,74,393.6,393.9,-24.2,-24.1,9.525120000000001,9.492989999999999
15.4553146,74,74,393.7,393.9,-24.2,-24.1,9.527539999999998,9.492989999999999
15.472992683333333,74,74,393.7,394.0,-24.2,-24.1,9.527539999999998,9.495400000000002
15.489675383333337,74,74,393.7,394.0,-24.2,-24.1,9.527539999999998,9.495400000000002
15.50640505,75,74,393.7,394.0,-24.2,-24.1,9.527539999999998,9.495400000000002
15.52311105,75,74,393.8,394.0,-24.2,-24.1,9.529959999999999,9.495400000000002
15.539738966666668,75,75,393.8,394.1,-24.2,-24.1,9.529959999999999,9.497810000000001
15.558005083333336,75,75,393.8,394.1,-24.2,-24.1,9.529959999999999,9.497810000000001
15.574674116666667,75,75,393.9,394.1,-24.2,-24.1,9.53238,9.497810000000001
15.592356966666664,75,75,393.9,394.2,-24.2,-24.1,9.53238,9.50022
15.609032883333333,75,75,393.9,394.2,-24.2,-24.1,9.53238,9.50022
15.6263295,75,75,393.9,394.2,-24.2,-24.1,9.53238,9.50022
15.643009983333334,75,75,394.0,394.3,-24.2,-24.1,9.534799999999999,9.502630000000002
15.660559516666666,75,75,394.0,394.3,-24.2,-24.1,9.534799999999999,9.502630000000002
15.678012383333334,75,75,394.0,394.3,-24.1,-24.1,9.495400000000002,9.502630000000002
15.6946707,75,75,394.0,394.3,-24.1,-24.1,9.495400000000002,9.502630000000002
15.711338266666669,75,75,394.1,394.4,-24.1,-24.1,9.497810000000001,9.505040000000001
15.728643816666668,75,75,394.1,394.4,-24.1,-24.1,9.497810000000001,9.505040000000001
15.745698433333333,75,75,394.1,394.4,-24.1,-24.1,9.497810000000001,9.505040000000001
15.763009983333331,75,75,394.2,394.5,-24.1,-24.1,9.50022,9.50745
15.779678766666668,75,75,394.2,394.5,-24.1,-24.1,9.50022,9.50745
15.7963381,75,75,394.2,394.5,-24.1,-24.1,9.50022,9.50745
15.813164266666668,75,75,394.2,394.5,-24.1,-24.1,9.50022,9.50745
15.831177183333336,75,75,394.3,394.6,-24.1,-24.1,9.502630000000002,9.50986
15.848061116666669,75,75,394.3,394.6,-24.1,-24.1,9.502630000000002,9.50986
15.86473035,75,75,394.3,394.6,-24.1,-24.1,9.502630000000002,9.50986
15.881397216666668,75,75,394.3,394.6,-24.1,-24.1,9.502630000000002,9.50986
15.898981866666666,75,75,394.4,394.7,-24.1,-24.0,9.505040000000001,9.4728
15.915692283333334,75,75,394.4,394.7,-24.1,-24.1,9.505040000000001,9.512270000000001
15.932360266666668,75,75,394.4,394.7,-24.1,-24.1,9.505040000000001,9.512270000000001
15.949671716666666,75,75,394.5,394.8,-24.1,-24.1,9.50745,9.51468
15.966992,75,75,394.5,394.8,-24.1,-24.0,9.50745,9.475200000000001
15.984250083333333,75,75,394.5,394.8,-24.1,-24.0,9.50745,9.475200000000001
16.001393383333333,75,75,394.5,394.8,-24.1,-24.0,9.50745,9.475200000000001
16.01806345,75,75,394.6,394.9,-24.1,-24.0,9.50986,9.477599999999999
16.035692633333333,75,75,394.6,394.9,-24.1,-24.0,9.50986,9.477599999999999
16.053000116666666,75,75,394.6,394.9,-24.1,-24.0,9.50986,9.477599999999999
16.0696779,75,75,394.7,395.0,-24.1,-24.0,9.512270000000001,9.48
16.0863464,75,75,394.7,395.0,-24.1,-24.0,9.512270000000001,9.48
16.103214383333334,75,75,394.7,395.0,-24.1,-24.0,9.512270000000001,9.48
16.11967315,76,75,394.7,395.0,-24.1,-24.0,9.512270000000001,9.48
16.137836116666666,76,75,394.8,395.1,-24.1,-24.0,9.51468,9.482400000000002
16.155254550000002,76,75,394.8,395.1,-24.1,-24.0,9.51468,9.482400000000002
16.172317,76,76,394.8,395.1,-24.1,-24.0,9.51468,9.482400000000002
16.1890284,76,76,394.9,395.2,-24.1,-24.0,9.51709,9.4848
16.206348733333332,76,76,394.9,395.2,-24.1,-24.0,9.51709,9.4848
16.22306365,76,76,394.9,395.2,-24.1,-24.0,9.51709,9.4848
16.239738250000002,76,76,394.9,395.2,-24.1,-24.0,9.51709,9.4848
16.256397200000002,76,76,395.0,395.3,-24.0,-24.0,9.48,9.487200000000001
16.274448816666666,76,76,395.0,395.3,-24.1,-24.0,9.5195,9.487200000000001
16.291330883333334,76,76,395.0,395.3,-24.0,-24.0,9.48,9.487200000000001
16.308007083333333,76,76,395.0,395.3,-24.0,-24.0,9.48,9.487200000000001
16.325400033333334,76,76,395.1,395.4,-24.0,-23.9,9.482400000000002,9.450059999999999
16.3423654,76,76,395.1,395.4,-24.1,-23.9,9.521910000000002,9.450059999999999
16.359034666666666,76,76,395.1,395.4,-24.0,-23.9,9.482400000000002,9.450059999999999
16.37634365,76,76,395.1,395.5,-24.0,-23.9,9.482400000000002,9.452449999999999
16.3930137,76,76,395.2,395.5,-24.0,-24.0,9.4848,9.492
16.410565516666665,76,76,395.2,395.5,-24.0,-24.0,9.4848,9.492
16.427776966666666,76,76,395.2,395.5,-24.0,-24.0,9.4848,9.492
16.444680366666667,76,76,395.3,395.6,-24.0,-23.9,9.487200000000001,9.45484
16.462366183333334,76,76,395.3,395.6,-24.0,-23.9,9.487200000000001,9.45484
16.479035416666665,76,76,395.3,395.6,-24.0,-23.9,9.487200000000001,9.45484
16.49633165,76,76,395.3,395.6,-24.0,-23.9,9.487200000000001,9.45484
16.513014066666667,76,76,395.4,395.7,-24.0,-23.9,9.4896,9.45723
16.529683433333336,76,76,395.4,395.7,-24.0,-23.9,9.4896,9.45723
16.54634145,76,76,395.4,395.7,-24.0,-23.9,9.4896,9.45723
16.564505666666665,76,76,395.5,395.8,-24.0,-23.9,9.492,9.45962
16.581411866666667,76,76,395.5,395.8,-24.0,-23.9,9.492,9.45962
16.598077983333333,76,76,395.5,395.8,-24.0,-23.9,9.492,9.45962
16.615697400000002,76,76,395.5,395.8,-24.0,-23.9,9.492,9.45962
16.6323692,76,76,395.6,395.9,-24.0,-23.9,9.4944,9.462009999999998
16.6496826,76,76,395.6,395.9,-24.0,-23.9,9.4944,9.462009999999998
16.666996383333334,76,76,395.6,395.9,-24.0,-23.9,9.4944,9.462009999999998
16.68427315,76,76,395.6,395.9,-24.0,-23.9,9.4944,9.462009999999998
16.701150833333333,76,76,395.7,396.0,-24.0,-23.9,9.496799999999999,9.4644
16.718072783333334,77,76,395.7,396.0,-24.0,-23.9,9.496799999999999,9.4644
16.73474398333333,77,76,395.7,396.0,-24.0,-23.9,9.496799999999999,9.4644
16.752311716666668,77,76,395.7,396.0,-24.0,-23.9,9.496799999999999,9.4644
16.769037566666665,77,76,395.8,396.1,-24.0,-23.9,9.4992,9.466790000000001
16.785704816666666,77,76,395.8,396.1,-24.0,-23.9,9.4992,9.466790000000001
16.802996433333334,77,77,395.8,396.1,-24.0,-23.9,9.4992,9.466790000000001
16.81967943333333,77,77,395.9,396.1,-24.0,-23.9,9.501599999999998,9.466790000000001
16.836731183333335,77,77,395.9,396.2,-24.0,-23.9,9.501599999999998,9.469179999999998
16.8530092,77,77,395.9,396.2,-24.0,-23.9,9.501599999999998,9.469179999999998
16.871164283333332,77,77,395.9,396.2,-24.0,-23.9,9.501599999999998,9.469179999999998
16.888062783333332,77,77,396.0,396.2,-24.0,-23.9,9.504,9.469179999999998
16.905642916666665,77,77,396.0,396.3,-24.0,-23.9,9.504,9.47157
16.92236935,77,77,396.0,396.3,-24.0,-23.9,9.504,9.47157
16.939032433333335,77,77,396.0,396.3,-24.0,-23.9,9.504,9.47157
16.9564054,77,77,396.1,396.3,-24.0,-23.9,9.506400000000001,9.47157
16.973085833333332,77,77,396.1,396.4,-23.9,-23.9,9.466790000000001,9.47396
16.99112433333333,77,77,396.1,396.4,-23.9,-23.9,9.466790000000001,9.47396
17.007826716666667,77,77,396.1,396.4,-23.9,-23.8,9.466790000000001,9.43432
17.024684766666667,77,77,396.2,396.5,-23.9,-23.8,9.469179999999998,9.4367
17.04208105,77,77,396.2,396.5,-23.9,-23.8,9.469179999999998,9.4367
17.059031166666667,77,77,396.2,396.5,-23.9,-23.8,9.469179999999998,9.4367
17.075699116666666,77,77,396.2,396.5,-23.9,-23.8,9.469179999999998,9.4367
17.093012033333334,77,77,396.3,396.6,-23.9,-23.8,9.47157,9.43908
17.1101799,77,77,396.3,396.6,-23.9,-23.9,9.47157,9.47874
17.12778045,77,77,396.3,396.6,-23.9,-23.8,9.47157,9.43908
17.1444967,77,77,396.3,396.6,-23.9,-23.8,9.47157,9.43908
17.161332683333335,77,77,396.4,396.7,-23.9,-23.8,9.47396,9.44146
17.17801405,77,77,396.4,396.7,-23.9,-23.8,9.47396,9.44146
17.1946847,77,77,396.4,396.7,-23.9,-23.8,9.47396,9.44146
17.212371816666668,77,77,396.4,396.7,-23.9,-23.8,9.47396,9.44146
17.22903283333333,77,77,396.5,396.8,-23.9,-23.8,9.476349999999998,9.44384
17.24634555,77,77,396.5,396.8,-23.9,-23.8,9.476349999999998,9.44384
17.263014966666667,77,77,396.5,396.8,-23.9,-23.8,9.476349999999998,9.44384
17.279686616666666,77,77,396.5,396.8,-23.9,-23.8,9.476349999999998,9.44384
17.296348966666667,77,77,396.6,396.9,-23.9,-23.8,9.47874,9.446219999999999
17.3145029,77,77,396.6,396.9,-23.9,-23.8,9.47874,9.446219999999999
17.331409316666665,78,77,396.6,396.9,-23.9,-23.8,9.47874,9.446219999999999
17.34859665,78,77,396.6,396.9,-23.9,-23.8,9.47874,9.446219999999999
17.364741233333334,78,77,396.7,397.0,-23.9,-23.8,9.481129999999999,9.4486
17.382371983333332,78,77,396.7,397.0,-23.9,-23.8,9.481129999999999,9.4486
17.399684583333332,78,77,396.7,397.0,-23.9,-23.8,9.481129999999999,9.4486
17.41634895,78,77,396.7,397.0,-23.9,-23.8,9.481129999999999,9.4486
17.434289883333335,78,78,396.8,397.1,-23.9,-23.8,9.48352,9.450980000000001
17.4509054,78,78,396.8,397.1,-23.9,-23.8,9.48352,9.450980000000001
17.467997466666667,78,78,396.8,397.1,-23.9,-23.8,9.48352,9.450980000000001
17.48479396666667,78,78,396.8,397.1,-23.9,-23.8,9.48352,9.450980000000001
17.502468183333335,78,78,396.9,397.2,-23.9,-23.8,9.485909999999999,9.45336
17.519680016666666,78,78,396.9,397.2,-23.9,-23.8,9.485909999999999,9.45336
17.536352133333335,78,78,396.9,397.2,-23.9,-23.8,9.485909999999999,9.45336
17.553160583333334,78,78,396.9,397.2,-23.9,-23.8,9.485909999999999,9.45336
17.569686816666668,78,78,397.0,397.3,-23.9,-23.8,9.488299999999999,9.45574
17.587825849999998,78,78,397.0,397.3,-23.9,-23.7,9.488299999999999,9.41601
17.604686049999998,78,78,397.0,397.3,-23.9,-23.7,9.488299999999999,9.41601
17.62134933333333,78,78,397.0,397.3,-23.9,-23.7,9.488299999999999,9.41601
17.638619116666668,78,78,397.0,397.4,-23.9,-23.7,9.488299999999999,9.418379999999999
17.655648366666668,78,78,397.1,397.4,-23.9,-23.7,9.49069,9.418379999999999
17.672367233333333,78,78,397.1,397.4,-23.9,-23.8,9.49069,9.45812
17.68968435,78,78,397.1,397.4,-23.9,-23.8,9.49069,9.45812
17.706418766666665,78,78,397.1,397.5,-23.9,-23.7,9.49069,9.42075
17.723076966666667,78,78,397.2,397.5,-23.9,-23.7,9.493079999999999,9.42075
17.741110583333334,78,78,397.2,397.5,-23.9,-23.7,9.493079999999999,9.42075
17.7580213,78,78,397.2,397.5,-23.9,-23.7,9.493079999999999,9.42075
17.774683966666665,78,78,397.2,397.5,-23.9,-23.7,9.493079999999999,9.42075
17.7923711,78,78,397.3,397.6,-23.9,-23.7,9.49547,9.42312
17.809688783333335,78,78,397.3,397.6,-23.9,-23.7,9.49547,9.42312
17.826346616666665,78,78,397.3,397.6,-23.8,-23.7,9.45574,9.42312
17.8444397,78,78,397.3,397.6,-23.9,-23.7,9.49547,9.42312
17.86116785,78,78,397.4,397.7,-23.9,-23.7,9.49786,9.42549
17.878021016666665,78,78,397.4,397.7,-23.8,-23.7,9.45812,9.42549
17.8946884,78,78,397.4,397.7,-23.9,-23.7,9.49786,9.42549
17.911349383333334,78,78,397.4,397.7,-23.9,-23.7,9.49786,9.42549
17.928990083333336,78,78,397.4,397.7,-23.8,-23.7,9.45812,9.42549
17.945704033333335,79,78,397.5,397.8,-23.8,-23.7,9.4605,9.42786
17.96306035,79,78,397.5,397.8,-23.8,-23.7,9.4605,9.42786
17.979688266666667,79,78,397.5,397.8,-23.8,-23.7,9.4605,9.42786
17.996350500000002,79,78,397.5,397.8,-23.8,-23.7,9.4605,9.42786
18.014747083333333,79,78,397.6,397.9,-23.8,-23.7,9.46288,9.43023
18.031415350000003,79,78,397.6,397.9,-23.8,-23.7,9.46288,9.43023
18.04854621666667,79,78,397.6,397.9,-23.8,-23.7,9.46288,9.43023
18.065709866666666,79,79,397.6,397.9,-23.8,-23.7,9.46288,9.43023
18.08237283333333,79,79,397.6,398.0,-23.8,-23.7,9.46288,9.4326
18.0990431,79,79,397.7,398.0,-23.8,-23.7,9.46526,9.4326
18.1157117,79,79,397.7,398.0,-23.8,-23.7,9.46526,9.4326
18.133015083333333,79,79,397.7,398.0,-23.8,-23.7,9.46526,9.4326
18.14969115,79,79,397.7,398.0,-23.8,-23.7,9.46526,9.4326
18.16701893333333,79,79,397.7,398.0,-23.8,-23.6,9.46526,9.392800000000001
18.18428408333333,79,79,397.8,398.1,-23.8,-23.6,9.467640000000001,9.395160000000002
18.201135716666663,79,79,397.8,398.1,-23.8,-23.6,9.467640000000001,9.395160000000002
18.218003066666665,79,79,397.8,398.1,-23.8,-23.6,9.467640000000001,9.395160000000002
18.23474253333333,79,79,397.8,398.1,-23.8,-23.6,9.467640000000001,9.395160000000002
18.251459033333333,79,79,397.9,398.2,-23.8,-23.6,9.47002,9.39752
18.268064483333333,79,79,397.9,398.2,-23.8,-23.6,9.47002,9.39752
18.284733783333333,79,79,397.9,398.2,-23.8,-23.6,9.47002,9.39752
18.30237443333333,79,79,397.9,398.2,-23.8,-23.6,9.47002,9.39752
18.31903895,79,79,397.9,398.2,-23.8,-23.6,9.47002,9.39752
18.336350966666664,79,79,398.0,398.3,-23.8,-23.6,9.4724,9.399880000000001
18.35301583333333,79,79,398.0,398.3,-23.8,-23.6,9.4724,9.399880000000001
18.36975078333333,79,79,398.0,398.3,-23.8,-23.6,9.4724,9.399880000000001
18.388019850000003,79,79,398.0,398.3,-23.8,-23.6,9.4724,9.399880000000001
18.40530165,79,79,398.0,398.3,-23.8,-23.6,9.4724,9.399880000000001
18.4223728,79,79,398.0,398.4,-23.8,-23.6,9.4724,9.402239999999999
18.43904368333333,79,79,398.1,398.4,-23.8,-23.6,9.47478,9.402239999999999
18.45641755,79,79,398.1,398.4,-23.8,-23.6,9.47478,9.402239999999999
18.473260266666664,79,79,398.1,398.4,-23.8,-23.6,9.47478,9.402239999999999
18.48975035,79,79,398.1,398.4,-23.8,-23.6,9.47478,9.402239999999999
18.508020366666667,79,79,398.1,398.4,-23.8,-23.6,9.47478,9.402239999999999
18.52530063333333,79,79,398.2,398.5,-23.8,-23.6,9.47716,9.4046
18.5423777,79,79,398.2,398.5,-23.8,-23.6,9.47716,9.4046
18.55903605,79,79,398.2,398.5,-23.8,-23.6,9.47716,9.4046
18.57633543333333,80,79,398.2,398.5,-23.8,-23.6,9.47716,9.4046
18.593020083333336,80,79,398.2,398.5,-23.8,-23.6,9.47716,9.4046
18.6096881,80,79,398.3,398.6,-23.8,-23.6,9.47954,9.406960000000002
18.626359366666662,80,79,398.3,398.6,-23.8,-23.6,9.47954,9.406960000000002
18.644459166666667,80,79,398.3,398.6,-23.8,-23.6,9.47954,9.406960000000002
18.6613521,80,79,398.3,398.6,-23.8,-23.5,9.47954,9.3671
18.6780217,80,79,398.3,398.6,-23.8,-23.6,9.47954,9.406960000000002
18.695709816666664,80,80,398.4,398.6,-23.8,-23.6,9.48192,9.406960000000002
18.71302341666667,80,80,398.4,398.7,-23.8,-23.6,9.48192,9.40932
18.72968518333333,80,80,398.4,398.7,-23.8,-23.6,9.48192,9.40932
18.746353433333333,80,80,398.4,398.7,-23.8,-23.6,9.48192,9.40932
18.763025783333333,80,80,398.4,398.7,-23.8,-23.6,9.48192,9.40932
18.78116023333333,80,80,398.4,398.7,-23.8,-23.6,9.48192,9.40932
18.798004666666667,80,80,392.9,393.2,0.2,-0.0,0.07858,0.0
18.814757933333333,80,80,392.6,392.9,0.0,0.0,0.0,0.0
18.83232523333333,80,80,392.4,392.7,0.0,0.0,0.0,0.0
18.84966663333333,80,80,392.2,392.5,0.0,0.0,0.0,0.0
18.866359416666665,80,80,392.1,392.3,0.0,0.0,0.0,0.0
18.88368085,80,80,391.9,392.2,0.0,0.0,0.0,0.0
18.900406466666663,80,80,391.8,392.1,0.0,0.0,0.0,0.0
18.91701365,80,80,391.7,392.0,0.0,0.0,0.0,0.0
18.934249666666663,80,80,391.7,391.9,0.0,0.0,0.0,0.0
18.95139035,80,80,391.6,391.9,0.0,0.0,0.0,0.0
18.968108333333333,80,80,391.5,391.8,0.0,0.0,0.0,0.0
18.985656066666667,80,80,391.4,391.7,0.0,0.0,0.0,0.0
19.00238013333333,80,80,391.4,391.6,0.0,0.0,0.0,0.0
19.019686616666664,80,80,391.3,391.6,0.0,0.0,0.0,0.0
19.036360666666663,80,80,391.3,391.5,0.0,0.0,0.0,0.0
19.05302055,80,80,391.2,391.5,0.0,0.0,0.0,0.0
19.07015548333333,80,80,391.2,391.4,0.0,0.0,0.0,0.0
19.08635913333333,80,80,391.1,391.4,0.0,0.0,0.0,0.0
19.10468996666667,80,80,391.1,391.3,0.0,0.0,0.0,0.0
19.12135985,80,80,391.0,391.3,0.0,0.0,0.0,0.0
19.13865033333333,80,80,391.0,391.3,0.0,0.0,0.0,0.0
19.155710366666668,80,80,391.0,391.2,0.0,0.0,0.0,0.0
19.1730064,80,80,390.9,391.2,0.0,0.0,0.0,0.0
19.189763916666667,80,80,390.9,391.2,0.0,0.0,0.0,0.0
19.206422866666667,80,80,390.9,391.1,0.0,0.0,0.0,0.0
19.2230911,80,80,390.8,391.1,0.0,0.0,0.0,0.0
19.241357516666664,80,80,390.8,391.1,0.0,0.0,0.0,0.0
19.258023583333333,80,80,390.8,391.0,0.0,0.0,0.0,0.0
19.275413683333333,80,80,390.7,391.0,0.0,0.0,0.0,0.0
19.292377183333333,80,80,390.7,391.0,0.0,0.0,0.0,0.0
19.30968825,80,80,390.7,391.0,0.0,0.0,0.0,0.0
19.32635773333333,80,80,390.7,390.9,0.0,0.0,0.0,0.0
19.343922966666668,80,80,390.6,390.9,0.0,0.0,0.0,0.0
19.361333516666665,80,80,390.6,390.9,0.0,0.0,0.0,0.0
19.378020666666668,80,80,390.6,390.9,0.0,0.0,0.0,0.0
19.39469233333333,80,80,390.6,390.9,0.0,0.0,0.0,0.0
19.411696666666668,80,80,390.6,390.8,0.0,0.0,0.0,0.0
19.42898573333333,80,80,390.5,390.8,0.0,0.0,0.0,0.0
19.44570738333333,80,80,390.5,390.8,0.0,0.0,0.0,0.0
19.463022116666668,80,80,390.5,390.8,0.0,0.0,0.0,0.0
19.479688116666665,80,80,390.5,390.8,0.0,0.0,0.0,0.0
19.496358066666662,80,80,390.5,390.7,0.0,0.0,0.0,0.0
19.51310978333333,80,80,390.5,390.7,0.0,0.0,0.0,0.0
19.531143933333333,80,80,390.4,390.7,0.0,0.0,0.0,0.0
19.548106216666664,80,80,390.4,390.7,0.0,0.0,0.0,0.0
19.564773183333333,80,80,390.4,390.7,0.0,0.0,0.0,0.0
19.5814275,80,80,390.4,390.7,0.0,0.0,0.0,0.0
19.5981071,80,80,390.4,390.6,0.0,0.0,0.0,0.0
19.614764450000003,80,80,390.4,390.6,0.0,0.0,0.0,0.0
19.6314275,80,80,390.4,390.6,0.0,0.0,0.0,0.0
19.64904805,80,80,390.3,390.6,0.0,0.0,0.0,0.0
19.66636168333333,80,80,390.3,390.6,0.0,0.0,0.0,0.0
19.683243066666662,80,80,390.3,390.6,0.0,0.0,0.0,0.0
19.70035645,80,80,390.3,390.6,0.0,0.0,0.0,0.0
19.717059383333336,80,80,390.3,390.6,0.0,0.0,0.0,0.0
19.7344782,80,80,390.3,390.6,0.0,0.0,0.0,0.0
19.751439666666663,80,80,390.3,390.5,0.0,0.0,0.0,0.0
19.76892765,80,80,390.3,390.5,0.0,0.0,0.0,0.0
19.78559615,80,80,390.2,390.5,0.0,0.0,0.0,0.0
19.80238243333333,80,80,390.2,390.5,0.0,0.0,0.0,0.0
19.819696116666663,80,80,390.2,390.5,0.0,0.0,0.0,0.0
19.836364816666663,80,80,390.2,390.5,0.0,0.0,0.0,0.0
19.85311343333333,80,80,390.2,390.5,0.0,0.0,0.0,0.0
19.8696959,80,80,390.2,390.5,0.0,0.0,0.0,0.0
19.886359516666666,80,80,390.2,390.4,0.0,0.0,0.0,0.0
19.904675166666667,80,80,390.2,390.4,0.0,0.0,0.0,0.0
19.921362016666667,80,80,390.2,390.4,0.0,0.0,0.0,0.0
19.93866685,80,80,390.1,390.4,0.0,0.0,0.0,0.0
19.955334116666663,80,80,390.1,390.4,0.0,0.0,0.0,0.0
19.972001016666667,80,80,390.1,390.4,0.0,0.0,0.0,0.0
19.98904436666667,80,80,390.1,390.4,0.0,0.0,0.0,0.0
20.00636233333333,80,80,390.1,390.4,0.0,0.0,0.0,0.0
20.02309658333333,80,80,390.1,390.4,0.0,0.0,0.0,0.0
20.039763766666663,80,80,390.1,390.4,0.0,0.0,0.0,0.0
20.056555966666668,80,80,390.1,390.4,0.0,0.0,0.0,0.0
20.07309718333333,80,80,390.1,390.4,0.0,0.0,0.0,0.0
20.0911424,80,80,390.1,390.3,0.0,0.0,0.0,0.0
20.108025483333336,80,80,390.1,390.3,0.0,0.0,0.0,0.0
20.124692316666668,80,80,390.1,390.3,0.0,0.0,0.0,0.0
20.142038,80,80,390.0,390.3,0.0,0.0,0.0,0.0
20.15870836666667,80,80,390.0,390.3,0.0,0.0,0.0,0.0
20.175377466666667,80,80,390.0,390.3,0.0,0.0,0.0,0.0
20.1927824,80,80,390.0,390.3,0.0,0.0,0.0,0.0
20.20969335,80,80,390.0,390.3,0.0,0.0,0.0,0.0
20.226360133333333,80,80,390.0,390.3,0.0,0.0,0.0,0.0
20.24393145,80,80,390.0,390.3,0.0,0.0,0.0,0.0
20.26136263333333,80,80,390.0,390.3,0.0,0.0,0.0,0.0
20.27802575,80,80,390.0,390.3,0.0,0.0,0.0,0.0
20.29469406666667,80,80,390.0,390.3,0.0,0.0,0.0,0.0
20.311357966666662,80,80,390.0,390.2,0.0,0.0,0.0,0.0
20.32905063333333,80,80,390.0,390.2,0.0,0.0,0.0,0.0
20.34614738333333,80,80,390.0,390.2,0.0,0.0,0.0,0.0
20.363026516666668,80,80,390.0,390.2,0.0,0.0,0.0,0.0
20.37969991666667,80,80,390.0,390.2,0.0,0.0,0.0,0.0
20.396858700000003,80,80,390.0,390.2,0.0,0.0,0.0,0.0
20.4130318,80,80,389.9,390.2,0.0,0.0,0.0,0.0
20.43113535,80,80,389.9,390.2,0.0,0.0,0.0,0.0
20.44810925,80,80,389.9,390.2,0.0,0.0,0.0,0.0
20.4647681,80,80,389.9,390.2,0.0,0.0,0.0,0.0
20.481434966666665,80,80,389.9,390.2,0.0,0.0,0.0,0.0
20.498110266666664,80,80,389.9,390.2,0.0,0.0,0.0,0.0
20.5157179,80,80,389.9,390.2,0.0,0.0,0.0,0.0
20.532384116666663,80,80,389.9,390.2,0.0,0.0,0.0,0.0
20.549699333333333,80,80,389.9,390.2,0.0,0.0,0.0,0.0
20.5663644,80,80,389.9,390.2,0.0,0.0,0.0,0.0
20.58303405,80,80,389.9,390.1,0.0,0.0,0.0,0.0
20.60036005,80,80,389.9,390.1,0.0,0.0,0.0,0.0
20.617372433333333,80,80,389.9,390.1,0.0,0.0,0.0,0.0
20.63427558333333,80,80,389.9,390.1,0.0,0.0,0.0,0.0
20.65142133333333,80,80,389.9,390.1,0.0,0.0,0.0,0.0
20.668119866666668,80,80,389.9,390.1,0.0,0.0,0.0,0.0
20.6856017,80,80,389.9,390.1,0.0,0.0,0.0,0.0
20.70226986666667,80,80,389.9,390.1,0.0,0.0,0.0,0.0
20.71905273333333,80,80,389.8,390.1,0.0,0.0,0.0,0.0
20.73636276666667,80,80,389.8,390.1,0.0,0.0,0.0,0.0
20.7530347,80,80,389.8,390.1,0.0,0.0,0.0,0.0
20.769696566666667,80,80,389.8,390.1,0.0,0.0,0.0,0.0
20.7863645,80,80,389.8,390.1,0.0,0.0,0.0,0.0
20.80303471666667,80,80,389.8,390.1,0.0,0.0,0.0,0.0
20.819702683333336,80,80,389.8,390.1,0.0,0.0,0.0,0.0
20.836365233333336,80,80,389.8,390.1,0.0,0.0,0.0,0.0
20.8535574,80,80,389.8,390.1,0.0,0.0,0.0,0.0
20.871137916666665,80,80,389.8,390.1,0.0,0.0,0.0,0.0
20.88802976666667,80,80,389.8,390.1,0.0,0.0,0.0,0.0
20.90469978333333,80,80,389.8,390.0,0.0,0.0,0.0,0.0
20.92136818333333,80,80,389.8,390.0,0.0,0.0,0.0,0.0
20.9386871,80,80,389.8,390.0,0.0,0.0,0.0,0.0
20.95572243333333,80,80,389.8,390.0,0.0,0.0,0.0,0.0
20.97303323333333,80,80,389.8,390.0,0.0,0.0,0.0,0.0
20.98977168333333,80,80,389.8,390.0,0.0,0.0,0.0,0.0
21.0064533,80,80,389.8,390.0,0.0,0.0,0.0,0.0
